artist_id,name,release
7d9gYifXh5njpsNEvCmLLP,WAYO,2020-06-05
5KsduuDNWzt65TaHzmtciv,MORE & MORE,2020-06-01
2gertXS08whDTzBWfmewPO,It'z Me,2020-03-09
0iUESqGVBginzy7gCYMvt2,When We Were Us - The 1st Mini Album,2020-06-08
5vJNAlQeTf9lsulO1YlmSt,eight,2020-05-06
75sPv82oaDKYjtuuS4l3Vc,Delight - The 2nd Mini Album,2020-05-25
0zhGddZ83RpCgnelKWa2qS,D-2,2020-05-22
21Rd8YU3BI7P4PVtfsf9ji,My Friend,2020-05-30
2fL64wNyyZ4BwwRImYeora,The Dream Chapter: ETERNITY,2020-05-18
3rVtm00UfbuzWOewdm4iYM,‘The ReVe Festival’ Finale,2019-12-23
0mWs7UThGJG413FaTzPq9Y,Look,2020-04-13
64F7bFLt8ULAfBl2L4Pyv4,NCT #127 Neo Zone: The Final Round - The 2nd Album Repackage,2020-05-19
44BCatQBdneFkyzOVrR0M4,FANTASIA X,2020-05-26
41rtmYpSvv0s6p4TJwTzrR,Stay Tonight,2020-04-27
5ByQ39IHGxrddAwQcnxvoj,reminiscence,2020-02-03
57sl8AvqVqm4Fadre0z8FQ,I trust,2020-04-06
3JX0hnu8b55RtbtEdUSYor,The Book of Us : The Demon,2020-05-11
7J8Kp48L7RdLkpjSVrO5PY,NONSTOP,2020-04-27
1V5ilz8ghPl1PZJA1hbw3r,Reload,2020-04-29
6XqSbtKtmWkEAYbXfzFkV6,The W,2020-05-26
5lX6uJNNwzEZU7TF1RyAdT,DYE,2020-04-20
1wnPosDt7DsSYDDLQ2XBdh,Puberty BookⅡ Pum,2020-05-13
6mJZTV8lCqnwftYZa94bXS,MAP OF THE SOUL : 7,2020-02-21
7LYZM7I172wUjIKjCnxuAQ,Any song,2020-01-13
1pLSlOXtHKPoSoB6ovnIAK,SPIT IT OUT,2020-04-23
7HXqq0fokRpOKG0bQW4xnB,MAP OF THE SOUL : 7,2020-02-21
4RR8ROIGix5CbCGlXHA53I,Black Swan,2020-01-17
4yAAAWwN4WaxefmncjDsMw,BLOOM*IZ,2020-02-17
1nPB6o7EjGvUORXlnioEPk,Happy,2020-05-04
3TTkDOcSzRQCvGMT7VmmPE,TREASURE EPILOGUE : Action To Answer,2020-01-06
6JnGKQyvg5QKS9FOyjFkvG,KARD 4th Mini Album 'RED MOON',2020-02-12
6rh15TQEKLTUVGzjeSHWbB,Hold,2020-03-26
0wOlHVp82SZuQisxdigqkP,i DECIDE,2020-02-06
7no7EZnKgoRWBbGMjZo9gB,1st Album [Dystopia : The Tree of Language],2020-02-18
6rOL2mghTfDyx5CY0eU1Dn,[#],2020-02-05
54mKbSh20yke318bPZMsjb,CYAN,2020-03-24
0ygafCgqBc6OwdjsmQEh7G,HIDEOUT: REMEMBER WHO WE ARE - SEASON1.,2020-04-14
3uMb3hF3aAlK7wPU4w8o9D,IN ITS TIME,2020-03-24
5VnB3wqkqy6bcf9eKGTFOo,Remember,2020-04-09
71SzCgInpeGCfcmn4FbEth,Mixtape : On Track,2020-03-25
32o8mUN1uID4VlBUrsCN2f,TIMELESS - The 9th Album Repackage,2020-01-28
6xaWLppjby7704k6R7CNHB,Spring,2020-04-09
2Bmk3UzqXangMY3WNssyOh,ONG SEONG WU 1st Mini Album <LAYERS>,2020-03-25
5FFZIyxJB33f3kgpCyDURC,5NALLY,2020-02-13
6FVK3km0FtSdGF4ZdWkrVH,回:LABYRINTH,2020-02-03
4RYmZ3shUlylRyXu3YS7PX,ONE&ONLY,2020-02-23
2UF3SkoMBUZZf5n6sCBUft,PEOPLE,2020-04-02
3jTAMtXz4VlRW6ZT00oaUj,Cassette,2020-03-11
5NBUq1NAh87uRsSqTxg2LX,Refresh (feat. Kang Minkyung),2020-03-18
0FYleVYJRr4O5tELl0y7pj,Chocolate - The 1st Mini Album,2020-04-06
5YHFKsjb0e5q8Smb2CBUl7,NCT #127 Neo Zone - The 2nd Album,2020-03-06
68GNh1ZjfSewE8uBCH3UnR,SOLO,2018-11-12
3r5m8utqRZYJnpep7xxVyq,LOVE SHOT– The 5th Album Repackage,2018-12-13
2gHd5bCrj42s8nwwXBALd4,IT'z Different,2019-02-13
2QDzBw32zlyvFtfeRCoSFH,I Wanna Be - The 1st Album Repackage,2019-03-04
7rNIvLwIpB2mwOzk20iqIl,RBB - The 5th Mini Album,2018-11-30
1HwIUaaEuRsxsIyssqtGLH,SQUARE UP,2018-06-15
0aMI0Kctp6xwSnRFakNF3D,DON’T MESS UP MY TEMPO – The 5th Album,2018-11-02
0OkJThJls8FO1lutMzMDJ0,The Perfect Red Velvet - The 2nd Album Repackage,2018-01-29
0rvrbZvaDX5S9ZBhwOwFfH,Perfect Velvet - The 2nd Album,2017-11-17
6369mPjmE105oD1ECF7WiA,Lil' Touch - The 1st Single,2018-09-05
4ghBzVOTFoeKPPmyNKjVtI,BBIBBI,2018-10-10
53pJcIJBdlm5rhVhjSnvHn,THE WAR - The 4th Album,2017-07-18
3xEPyp7h78uULpDPuKvokH,Wow Thing,2018-09-28
4W6K0DP1YlZ48JlvdKCkZh,#Cookie Jar,2018-07-04
6YL9J0E6PGtYzkhyMxnmXd,The Red - The 1st Album,2015-09-09
3KAJvo62RNQEtXwIyB5rzX,NCT 2018 EMPATHY,2018-03-14
14zRuZjpOkB4IrUkFsrN31,Blooming Days - The 2nd Mini Album,2018-04-10
4eKdn0skJCidO2wqIJyCgB,Lion Heart - The 5th Album,2015-08-19
5V8n6fqyAPxvFTibPhQVcp,Palette,2017-04-21
6yJdchE7ARS996BxRgplFH,4 Walls - The 4th Album,2015-10-27
0HtGtnnnFeWmtvgNFg0dr1,SELFISH,2018-05-23
7qXTHawuBsARg5NdkZM5cU,Hey Mama!– The 1st Mini Album,2016-10-31
5YJFl4cNetPk0Tn4tqPRHk,We Young,2018-09-14
0xYQcPVyEEegJlTXLttWUx,Something New - The 3rd Mini Album,2018-06-18
60ySfrb8zjJooMlVbpWGHG,FACE - The 1st Album,2018-11-26
4rMH4zG5fuxIjOQxdLWBUs,GIRLS,2017-05-24
1NgwpxtZFd1x4DbC74V9bO,Take,2018-06-27
1ukBQWhQwWKqTGgs0YzRzU,Why - The 2nd Mini Album,2016-06-28
2NbpxzWVFJfUuNXbIVeWhd,MAGIC,2018-05-09
6DlCl3hBP1Gwhn0tgitGfN,My Voice - The 1st Album,2017-02-28
4kYQNWH5GVugfhMGGjosMS,Teach You,2018-09-28
0lrffiGGEis1nMOAdLgVya,Don't Say No - The 1st Mini Album,2017-01-17
7GivySR0byxlr6ZkvgFNkI,WONDERLAND,2016-12-10
2eVmKC7YaC0WmA0NRACVFD,LOVE SHOT,2018-12-13
6Pr1DaOWfT6hEewhZMRyqg,Guardian (Original Television Soundtrack) Part 1,2016-12-03
0aDnkPxX660ezxCWBcqzVo,SoulMate (feat. IU),2018-07-30
6uPH0cDsZGh7At3txWpGRK,All Mine,2016-07-22
7wxGBt2oAGDjZ9CgPhQU8C,SHAKE IT,2015-06-22
76EJZHFfzKIOrf97HE4at7,Ma Boy,2011-05-03
6dCsrXRW9GqW1N1Vwk2dMC,John Travolta Wanna Be,2011-06-29
4dIF6Vltkz4sOt0nOVQtDL,Solar International,2010-01-01
25XmplcV2fAid5BbBhKmx5,Solar,2010-01-01
2r1oAmMSnUasXigJ2fTwk6,Some,2014-02-07
4H3SDn1J7LHuYTQFgNdYtn,PSY 8th 4X2=8,2017-05-10
6MNlcai3skKLKv5syzFwC3,Russian Roulette - The 3rd Mini Album,2016-09-07
0WkXveHN5p6Md6ouIFJzBS,Inferiority Complex (feat. Eunha),2016-05-25
6OXg149IkmbgW7zfzbwgS2,The Red Summer - Summer Mini Album,2017-07-09
5yUlewRtRySsb77hEoTTIu,THE POWER OF MUSIC– The 4th Album ‘THE WAR’ Repackage,2017-09-05
5XN0VfKWEWpxhjcks8MGLe,YOUNG,2018-08-31
6IzQb2kLydYNfzmKXvmndX,As If It's Your Last,2017-06-22
3Nyhs0ZYxVmXDVfv4PLsqv,The 2nd Mini Album '중독 Overdose',2014-08-06
1WyHAY8OWdfCFWTF0Ufwjj,Girls' Generation 4th Mini Album 'Mr. Mr.',2014-02-24
5zWa1ZEUBctbKqvwXbFawo,Summer Magic - Summer Mini Album,2018-08-06
5MQM8Jw1FvT21Dny8cOXjF,Holiday Night - The 6th Album,2017-08-04
0dNpcBqJ6MuQMuXJgao1B8,Ice Cream Cake,2015-03-17
0PepQsL30ADZO7gc4Tz7Af,The 2nd Album ‘EXODUS’,2015-03-30
0pIWpPef8UFx8iQ5KSZsYj,We Go Up - The 2nd Mini Album,2018-09-03
7xmqXxPAmkgn5HK9FcyBxR,NCT #127 - The 1st Mini Album,2016-07-10
0j2ZsfCmzIlrJidc86E79R,SOME&LOVE,2018-11-22
4pD6HTAwDdtTIo2niVa9pe,PSY 7TH ALBUM,2015-12-01
4e75ohAqqgV3zgLn8qMxki,LOTTO - The 3rd Album Repackage,2016-08-18
5Cckx6G2aRR4aZBV6eIYdc,EX'ACT - The 3rd Album,2016-06-09
6MMkaYzyM0aLZmDBce3nL6,The 1st Single '행복(Happiness)',2014-08-01
1Rm8iq43biy7UQRfde5hwN,Just right,2015-07-13
0LEskgBUvMn0lLiYz4z2OJ,KPOP - Girl Power Vol. 5,2018-10-27
1KlVN7ALuzPWNtVv9hOZPf,EXO PLANET #4–The EℓyXiOn [dot]–Live Album,2019-01-30
5Bg49LEfyoZzKpQsEwRCtI,Rookie - The 4th Mini Album,2017-02-01
5G5cWkK9zsEX91L1ZuAYaV,Twinkle,2012-01-01
2Pz8VAMiGc9UW1rrbBRDuO,KILL THIS LOVE,2019-04-05
0obMz8EHnr3dg6NCUK4xWp,Dua Lipa (Complete Edition),2018-10-19
4cpZazoKuj3jD6x2GrSX2w,BLACKPINK IN YOUR AREA,2018-12-05
16I8QzqlfQFUJmjvkMRATp,Honey,2019-06-14
2nLEiP268mSFZHW5dajM4R,‘The ReVe Festival’ Day 1,2019-06-19
2y2Nuvvw5xNDYOunTSsgf1,IT'z ICY,2019-07-29
3G2gVSrk2U0FKcVAM9rVFq,Dancing Queen,2012-01-01
1q8h2HdED1cmgJVo8lEBME,MADE,2016-12-13
0AcFaK32ui9rF2ySEdXrv4,SQUARE ONE,2016-08-08
5dB931yywXZg4VdZYeFRaD,EX'ACT - The 3rd Album,2016-06-09
2s27rRgZswwbRJUQXSGTLf,SQUARE TWO,2016-11-01
3TSX6AxLdCP4E5o3F5jCdN,SUNMI SPECIAL EDITION [Gashina],2017-08-22
73vdukUbH317FjvsE6kflf,LOTTO - The 3rd Album Repackage,2016-08-18
0fxMTiQG9ym37gYmIXgqG8,1-1=0 (NOTHING WITHOUT YOU),2017-11-13
33jMaPi4Y6XdilvV8A5356,CRYSTYLE,2017-01-17
54r8xseUAz0c9ORidjAKmZ,AH YEAH,2015-04-14
5EcRMB1ttU83pooNxfjpt8,NEW KIDS : BEGIN,2017-05-22
1lo9SvHxKiqGGL6PaDbtiA,Act. 7,2016-02-01
3rrZlvTQ6Bxvz7Kzxjkagj,SHINE FOREVER,2017-06-19
2ejJVhXC1pgVgROMsetsUL,Full Moon,2017-11-07
01Dv8rPO2AvHogy6uDkb1t,Lip & Hip,2017-12-04
2VdqTMsSmBL1rYnnNNHJ53,Colourful Kpop,2017-04-11
7ouvefHVfZlmsmynARuCoe,0+1=1 (I PROMISE YOU),2018-03-19
4NJpBKY4XJbRLAsbbeIzyJ,THE CODE,2017-11-07
2TJIp7OCkFybJU05jzZ3cr,True Colors,2018-01-17
2QCHpaj2zkIhrghESZwPui,THE CLAN pt.2.5 [BEAUTIFUL],2017-03-21
3s5LEazLAxgYZSFdG98rHw,OUR TWENTY FOR,2017-08-04
1F7DAPXJpLVKfyZFSFsrCw,PLAY - The 8th Album,2017-11-06
2k15VazqnRuva8vbh1iZWA,Eyes On You,2018-03-12
3VofrXVCFsACXqdwzTVsNy,7 for 7,2017-10-10
5r30o1iIr8sdoRsu6qPKrK,FLIGHT LOG : ARRIVAL,2017-03-13
5ek64tPWwHgN6zWuAWTkS2,FLIGHT LOG : TURBULENCE,2016-09-27
1gVzcQetApqdnM4ijjJV7C,I am NOT,2018-03-26
1z5UzGzwfGETt8PPdsAYD0,"W, HERE",2017-10-11
2Ka8QpE2XUUjL4vOQihkJH,MOVE - The 2nd Album,2017-10-16
5uxH9so2Yrmi6nLClUZJkv,REPLAY - The 8th Repackage Album,2018-04-12
3I3c4rkP6v5LtjMrgbD6d0,BLACK DRESS,2018-02-22
1GtPnOiHxCnoZPCiLcKj22,I am,2018-05-02
5eJ58cjTjSRGxOPtVeke2Z,KARD 1st Mini Album 'Hola Hola',2017-07-19
1CIrwYW5dQ8APIX7IaAOAU,Following,2017-08-29
1ZRmLzZWvOkSqWePzFeekO,Positive,2018-04-02
04tgWsx713U27GklzkjEOz,KARD 2nd Mini Album 'YOU & ME',2017-11-21
1VSMwSajwLiywZBuB8gvP8,Return,2018-01-25
4lWDPUQmrZPyO9T9pWfZc2,Heroine,2018-01-18
4wTkdR3v9qFdRuCf2hpBZn,"K.A.R.D Project Vol.2 ""Don't Recall""",2017-02-16
04TsF8IFb70DdBYDT8egvw,Offset,2018-01-18
7KM1Yi5xYv3O6OcKsEeV83,Hands on Me,2017-06-07
5XwIkFj2HovD5gR8FNlVhG,'The Story of Light' EP.1 - The 6th Album,2018-05-28
3dCzh2hx0xzXFBUmzQQeoJ,BINGLE BANGLE,2018-05-28
0ATs7XoyXolPxK5vADyZlH,Dream Pt. 2,2017-11-01
2HpryOOYLbnST4aCT5v4lF,"K.A.R.D Project Vol.1 ""Oh NaNa""",2016-12-13
47zSQLQWjPLmiEbCpOOEJa,Odd - The 4th Album,2015-05-18
3n3HTIorktWHS2mOo2G8jp,New Chapter #1: The Chance of Love - The 8th Album,2018-03-29
5hmezEZaQ7D0ntBA9J76kb,FATE NUMBER FOR,2017-04-04
7uKdSwxVfNUKLgxy7wjAB6,Hot Pink,2015-12-11
2uq6ULcN34XW2N5cEIaXug,1÷x=1 (UNDIVIDED),2018-06-04
4G9qMxS9c4W5PPNdPrTaLn,Yellow Flower,2018-03-07
7GA4JytyS3i6LL2NARWSqf,Like a V,2018-05-28
63sTGIOG5yT6YpVwKMl21I,Chain,2018-05-23
6CpcO4lSnGzivL5D1OB2RK,달리,2018-04-23
4HnxhuDasxI3pCyz8o61Lg,THE BOYZ MINI ALBUM [THE START],2018-04-03
6sky0eX7g7zrikM2zPqf7h,Lucky,2018-02-21
3z9PnyT3r4hdtZKLG5lC4J,GOOD BOY,2014-11-21
1wHKdWLlIXiuJ94Wrzgeun,SEOUL NIGHT,2018-05-08
4Mzs97iNgQoPe5ET0Xr4BL,EVERYD4Y,2018-04-04
75dkh8s39e7txjNe9cODH3,Fun to The World,2018-06-26
6GhELYbXRo1LOqRPOCsQrF,RED MOON,2018-07-16
7bwAvMnVmBRaSEjgGSMMNr,Down,2018-07-07
2NHBgZwncUhQbmcRmYKm8z,REtro Futurism,2018-07-18
1KOHi75V9o0hXse1GButDO,199X,2017-05-01
3Q34hV5fBbMpRpADmlptr7,MEMORY,2016-11-07
4avDtRZBVVwV5l7k6vx1gm,Purple,2017-06-23
0eATYdmnbZkslIYNCyTjhL,Blooming Blue,2018-07-18
245qemWu13EbtqiNGJD9YM,Shoot Me : Youth Part 1,2018-06-26
2BOKToUfHlLRoVEcRxbQsr,SEE SEA,2018-07-20
7zjLDZzHo2XgvYwpuNwEvK,I Am The Best,2014-12-09
6Eqd0eQ19NHqkjI17ISfnu,CRUSH,2014-02-27
0CHOb7kkjkNRCpijTjPEiy,Hello Bitches,2015-12-05
3IAHMEj6yLgNBdXbZK4Ng1,So Hot,2018-09-23
0VZLN6MkAcyg5ZLeL7OQed,Noir 누아르,2019-03-04
6xSUUpa9LBZYwJFMJOr8M6,No.1,2019-01-30
4VLR1cDqRIeS86GYSJvlmZ,HANN (Alone),2018-08-14
7KU9xZLinCIIHBDmeQbeDp,WARNING,2018-09-12
1bUx6TFAyzCdZY9ugEXxRh,MORE & MORE,2020-06-01
7CucpzwxAZ6kHmctI9eo4X,reality in BLACK,2019-11-14
5QsZIQcV5BOX9Tzj3IPVyo,As You Wish,2019-11-19
1x2QsojG3m0e0jkLzP1rGr,Queendom < FINAL Comeback >,2019-10-25
4EG4E0Uk0HpJBgOMgXI26z,Feel Special,2019-09-23
3DXz6ItR9DzIw9S0h3Cxfc,‘The ReVe Festival’ Day 2,2019-08-20
7tMpbKXDLlHPSCoPdF2OBv,HUSH,2019-08-19
6Bqnwz3nM8RcHNTSKQ0DYU,OH MY GIRL SUMMER PACKAGE [FALL IN LOVE],2019-08-05
07YKMxo9FsEqVsIauzIVXC,WEEK END LOL,2019-08-08
61mlBNUkU8QKvYOfTiwFR5,NEW MOON,2019-11-26
3PzrNuMGWGpp8WOfrmpkaU,Uh-Oh,2019-06-26
5xP2GsTFLRJCtAwYYaNKWh,ONE & SIX,2018-07-02
34jrFDbWiepwHN4L1pZmCr,ARRIVAL OF EVERGLOW,2019-03-18
759BaVI4pjAh6l16xqm56V,FANCY YOU,2019-04-22
2UBE2MgNdsGa9OCSbvwdEQ,HEART*IZ,2019-04-01
479xGDGrqMXN8YLmJMEoTG,I made,2019-02-26
7dg5iqyFYqRQH7vtAG9VNf,Close To Me (Red Velvet Remix),2019-04-05
38QQgShZFuEAJJw1A6hz3x,YES or YES,2018-11-05
1X525EiWjde90wCfxhS0Jw,THE PARK IN THE NIGHT part one,2018-09-05
2olU5yGGjXxgOt9GrFEtLo,Show Me,2019-03-20
0UnBZ8laFgLUq5Ty5vbikQ,POP/STARS,2018-11-03
7tggzWGzVusg9SEKqbJYpt,COLOR*IZ,2018-10-29
59QELOU685J1AMB2paryAx,BLUE;S,2018-11-29
0BePiDVdS09GVoBe30WMAd,I Love You,2018-11-21
5uxtkLiL0qeW3nTB0wJkzI,"KISS, KICKS",2018-10-11
1txcaw9svQD60PDIjdqrBY,From.9,2018-10-10
7Km2KH6vfW9WzG7OeXFZHo,Summer Nights,2018-07-09
65HAyK45TFC2MJSufJwzji,GFRIEND Summer Mini Album 'Sunny Summer',2018-07-19
5NObA8Cx4Ri5cATR1DLTjj,What is Love?,2018-04-09
5vt2sEP5J0VNbYXoA7h2k4,GREAT!,2018-01-03
39K4c7cQcvrfL79OQu3iOJ,twicetagram,2017-11-01
4TOqKpo9ct2Hj21uQ3cnOm,Merry & Happy,2017-12-11
0z46X13mUaArCdLEhLtJBz,To the sky,2018-02-01
1JV158ApbmEIJFWdoQCRk1,Butterfly (2018 PyeongChang Winter Olympics Special),2018-01-11
3nvfNC0tnGcFXGHrJpqQ6m,As If It's Your Last,2017-06-22
5QXcVUvEyh8kCCjF1aTNwN,SECRET GARDEN,2018-01-09
2cGPXPXZxEBr6LniuA3ewf,GFRIEND The 5th Mini Album <PARALLEL>,2017-08-01
4YkF0cmnD2nmzdpLk1ZUUP,GFRIEND The 6th Mini Album 'Time for the moon night',2018-04-30
3CDuUgFBJhvsMumlrNyv4R,"Sugar Man2, Pt. 7",2018-03-05
3PnkmcRY6t79MKlpEy0tQ2,"Sugar Man2, Pt. 18",2018-05-21
5njPJB7i8flWOBRdbpXK3D,"Sugar Man2, Pt. 12",2018-04-09
50MZo03tOilWNwgPbza7he,Say My Name,2020-01-10
2xnJLSLOc3LmDWoHTIqA6a,Carnival,2020-05-13
6XnFMmVnbFEDnFjc6xRw2g,NINETEEN,2020-05-07
5mSkyxRRofx2WkVaij09sW,ASTRO 7th Mini Album [GATEWAY],2020-05-04
6oQMW5MnFG7LoQRp4jmoKa,Up the sky : 飛,2020-04-27
5k3bSeorGscezsnxKzISiO,unknown art pop 2.1,2020-01-30
4PY1YdBuIRARRLkXj2V6xQ,0325,2020-02-23
6Eil448tVxIBiec4ZQg1aS,1st Digital Single [Paradise],2020-01-29
3foK58isBZtgFp6MU1vGR1,FACE ME,2020-01-07
3AqnltBoRYlppgVM1VAGDK,SENPASS,2019-12-26
79I7ijWthvkwe4xOW0zzQh,New Start,2019-11-03
0UtM0kMz8SWNYK3wdBXN8b,WELL 우물,2019-12-11
3LkYHeJbCoO41fjaLjaccW,In The Name Of Love 2,2019-12-10
5tCOElmd7wcBGbt1f8bFYR,Clé : LEVANTER,2019-12-09
6DX33GTGhfTLpQWzmHHgHA,BE!,2019-11-05
2I8zuxlL9KuFAGRsSq9mTT,EMPIRE,2019-10-18
42teICN2oUYMfS6iJDrEBX,CHANNEL 8,2019-10-25
3oDUvgzEoNkQfC0UCWHIPD,CROSS,2019-10-23
366G5N87hlz50kVUV9tcwt,Blah Blah,2019-10-17
4E1nBUhsXon5tMtyq3l3CB,FLY WITH US,2019-09-30
4Y5YucmQPgaCJOkmRshYGs,Raid of Dream,2019-09-18
2oTioa2D2E29diIrgaQmag,OOMM (Out of My Mind),2019-09-17
0UJsvx1tZnZRmcpzaG3wRH,Two Five,2019-09-10
1HpLXN8RRy1lHO3jckCTkN,Devil,2019-09-06
5mTLotGZPjowzVr0di7mBT,Fantasy 판타지,2019-04-19
09sGMSeeP4bZQOCTpgKGX8,QUANTUM LEAP,2019-08-27
4FcfxoChlLRjM793PzTxen,WOLF,2019-07-25
6MYKofPnqIdjfznGSopzCi,Fireflies (THE OFFICIAL SONG OF THE WORLD SCOUT FOUNDATION),2019-07-15
1HWezHtB1jFWZ96uy4cRq9,Gleam,2019-07-24
5SFt6m0R0Efmit5VcdIUOk,THE PARK IN THE NIGHT part three,2019-07-23
6xHcIcLAX9tShQKWICklhj,GIVE ME MORE,2019-07-23
1yGD2zldhHvlLTDNac7Jiy,jiminxjamie,2018-09-04
1lNM7RF1SVUs66OtLj4MQh,Flourishing,2019-06-24
0kmZII2Hj4XfcBAIDcgbe9,GMOST IN SUMMER,2019-06-26
7aW72lOTi7CPa04mDJDcI3,G1,2019-06-27
3QljHmM1wr3KJ4fLEWFOHx,RPM,2019-06-17
3atsIlpYgv5DaSQteaLul0,ON N ON,2019-02-18
7fEUnTEsnJOXEZtUYMKyOE,Dream Glow (BTS World Original Soundtrack) [Pt. 1],2019-06-07
2e3TvxplnFh1HcFUcSe39u,Don’t Need Your Love,2019-06-06
3mCKknvSxoGVEv3cE4iqwy,DEAR. N9NE,2019-06-04
4Y8cigF15iNUSV1dhlQqRg,TREASURE EP.3: One To All,2019-06-10
4SKt8BtRB2nr6YAyH2Iy1n,RAISE US,2019-05-29
3STCVlFXF9KGz3ATBo56a3,ME,2019-05-30
3uMVRM9uNZS8T26PhWwRwr,youknowbetter 니가 더 잘 알잖아,2019-05-22
6Epnn9sgvvUrHdEf7JKjQb,WE,2019-05-15
4ylfr2WVQIF57PCHS2vIAY,UNDER COVER,2019-05-17
2MhXAl50DEk9Wd2rhnyveI,Crush,2019-05-03
1JrQT5pcTgC9HfVe5f2SL6,LOCK END LOL,2019-05-14
1NqeOZ3BmAoHN3Ml15gPYT,Dramatic,2019-05-15
4y19j2OMKgD8itWpLDVU2l,Mix B,2017-03-20
4xRwJoEtfaj5aFuO32OYUD,FEEDBACK 너의 대답은,2019-05-16
12Z2vK39UyWavZ6NpoK5ZH,A New Journey,2019-05-07
5drRznvTaLxrrdPgPLqHP5,Runaway,2019-05-08
3PHdxOixnT7FpQiWmCvAhK,Domino,2019-04-07
1DivatN2VQcEnKAsQzV8fh,Memories,2019-04-08
1AvXa8xFEXtR3hb4bgihIK,MAP OF THE SOUL : PERSONA,2019-04-12
3ToMjZ40PPqL5NV83xOoOM,Kill This Love,2019-04-04
6kK0jSVRfNCJ1Ya0mwT6bl,Genie:us,2019-03-27
79Bjt5oUy1183RJw1bJyF5,Clé 1 : MIROH,2019-03-25
3CBgvajr0lz1fOIGIydiZ3,NEWTRO,2019-03-19
2YuKK7Pr7WPADeTUwaXrn1,What You Waiting For,2019-03-06
60m09rutmwj5ewOJoFIAVY,White Wind,2019-03-14
6Rfn9L7InYlCY1evqlH18Q,THE PARK IN THE NIGHT part two,2019-03-13
2Ij6998NUjQ0BkQ2ipqiET,[X X],2019-02-19
02YL02Pjk6moxi5iuYsIPC,The End of Nightmare,2019-02-13
6KL4s0Y6Ijcj0QP1Nm1EVF,TWIT,2019-02-13
6xyQPa9qMPxRHlcMDgDbay,The 2nd Single Album 'Follow SATURDAY',2019-02-13
7E01VOJ7gyYPz9HXUVeQeq,WANT - The 2nd Mini Album,2019-02-11
5OUT8J88xSvZepQDVvallD,COLD,2019-02-12
6LsnwhszwrWSHWQh9f4kv6,Fire up,2019-01-23
6tSOZb6wWFG8EZdcxXDyli,LIGHT US,2019-01-09
2PQ8cQ8WzAJJkWYT2Ydmhw,TREASURE EP.2: Zero To One,2019-01-15
1G1OxNg6fQgTjVXqXPJu8u,LOCA,2019-01-15
7yrEeELuGGv4UzvBx2sJlj,HUTAZONE,2019-01-15
51rmA7KGsWZP0lbP986qSJ,PERCENT,2019-01-07
55gs8EwAxcyCAXGeJbR6bo,Twilight Zone,2020-06-08
5DHseF14USVgIZ6AzsX9bi,Neverland,2020-06-09
6dPTCj1x52RQX4ALieYp5N,Starry Night,2020-06-11
3KL1ALTLwYaCcxzxNIRrWK,Say hello,2020-05-27
2xKp8YTCZl0nHcx8l4u2C2,Mayday,2020-06-02
0DPNn9SKfwd7rJiiJFLwee,NCT #127 Neo Zone: The Final Round – The 2nd Album Repackage,2020-05-19
1rhDuXNRjXUGUrO29y1nlV,GANG,2020-06-04
2yWth82E8BQiDL2JgDmVT9,1ST DESIRE [GREED],2020-05-25
4HHW42BPxobSoqn8P5sUGE,RYU SU JEONG 1st Mini Album [Tiger Eyes],2020-05-20
5j8qRyyqFwXkIH7boJ6m9N,The Nocturne,2020-05-11
38QTDwD7IM2EZuiUMII6uA,Who Dis?,2020-05-19
01RsFGO7W7xaRM4T2p1Xdn,Yours,2020-05-12
4wMb27rPOFS7vQSNsnjQC7,Leo,2020-05-07
2GDTaNWlrHYenTpVsCb5ay,"When My Love Blooms (Original Television Soundtrack), Pt. 2",2020-05-03
3M9snahHug38BoaY7kDIFu,the Keys,2020-04-28
6qJ6mDO8ZgAlmYrdYmfPtj,All The Way Up,2020-04-25
6RET6iXX695XGYQ6GsuujW,What About You,2020-04-28
4KaJTFX3zihQ3FpVVF7Mrf,SOULMATE,2020-04-21
4yPlp9G1QoQIew44afQ3Tr,FAVORITE,2020-04-20
09recFFwFAnEhEegfd1DAA,FOR THE LOVE OF KOREA,2020-04-23
0f4L2zNLtQtFk08M1YGoE1,Self-Portrait - The 1st Mini Album,2020-03-30
7EwGbejnlFJdnqbXPG0EOx,ASSA,2020-04-07
3f7o5DhMd9IDpI800O8J4X,Do Or Die,2020-04-01
6L92vmGUhenCI5HWSTAQ8m,NO FEAR,2020-04-14
2TyZWNGjAlKYKyAwC70gIT,Blossom,2020-04-04
2rwFQMzjIl55c4uTnxuJ6D,CRÈME,2020-04-09
1QLnAW661XDUEEaEfErndo,Half&Half,2020-04-01
4WYZ5JNBfzR9AgWtu2id4N,Bubble Up,2020-04-07
3pwq7PbAT4vEnApAaXoCuA,Unfamiliar,2020-03-30
40kgv1cXd23PsABJIxXDJ1,REASON FOR BEING : Benevolence,2020-04-01
6ObXqxOsLFfzQ5mLCeOEM0,3/4,2020-04-02
0MuMQ8GnYbemtloZGI2gqM,You're in Love.,2020-03-12
1Tpw7AJHbA2lh32bY1An0C,Everybody Has,2020-02-29
7F8dZ0pPGvWHWYZf8a5k2D,Be Your Star,2020-03-23
5hJ1mbfea5r20mjtT6oHON,ITAEWON CLASS (Original Television Soundtrack) Pt. 9,2020-02-29
1ofKbRAsx2IWGcOzLN6enx,YOOK O'clock,2020-03-02
3npgimYVYM64IDAiLytb2l,HOME,2020-03-05
7mK5XiyP5mVI5LExHJTJ9E,I Need You,2020-03-06
5obnxbZ0zICJq6qWbxlRNf,LADY,2020-02-24
1Ovk2wzDGAGYVeHdPj8Eoe,SQUARE TWO,2016-11-01
5B47B9Brhcv7ZinHgBe6i9,Odd - The 4th Album,2015-05-18
4cyxOniUn2JLr9AXjSgCw1,ALIVE,2013-11-06
1w86o0LJYVmBExlyxWp00l,Girls' Generation 4th Mini Album 'Mr. Mr.',2014-02-24
6QtfXV9SqEkbBNvQi41fra,Trouble Maker,2011-01-01
64WayBZ9Mrx8iGOpME5vpI,YOU NEVER WALK ALONE,2017-02-13
5BrUPvAXYFeCqLKoTjSw3o,Pink Blossom,2014-03-31
6eS6pnhJWgYL0A74Mp3RPc,The 1st Mini Album ‘Ice Cream Cake’,2015-03-17
2tCPDH1LAibWXThrOQ58H2,Crazy,2015-02-09
3JWu7fsblndhGML81clPHl,For Muzik,2009-01-01
3Q6QsqW3WWq6DLphXbXWkL,Girl's Day Love Second Album,2015-07-07
3FeATTUjZWvmXW2kP9CHWY,THE THIRD SINGLE CATALLENA,2014-03-12
668FYH5CjNeET2JpHtiQvq,The Fourth Single 'My Copycat',2014-08-18
4Yz1WY6PlJepdbnl4m72b8,INSANE LOVE,2016-06-21
0SeSM1CAqu7QUkive4jCKl,TOUCH N MOVE,2014-07-21
1nErNFyYvHnuCYvfwrMyoz,Give It To Me,2013-06-11
4x2afg5wUzbfURyzacNACm,Melting,2016-02-26
5Fy5PyBWqMNK7xvXO9Q32f,Pink Funky,2015-06-19
18aXrsD7zdPD6NSIfdwExD,SEVENTEEN 2nd Mini Album 'Boys Be',2015-09-10
7mP7AFehQDonPKEQiXvpvB,Love&Letter repackage album,2016-07-04
6Cq6571BzQWPKpxgTQpKM4,CLOSER,2015-10-08
3FmDnWkMg1ayeyuan7uY9i,The Boys,2011-01-01
3qpbuQ6XTxYfGx4fQZpZcA,The 4th Album 'I GOT A BOY',2013-01-01
0c4WXOhRUHEvk7x9nF0lWM,United Cube,2011-01-01
5mNCx1ukvVBY8o06qTBcpb,SPY,2012-08-05
0oyJmmV4FmB0xIz8wfybLv,CRY,2016-07-18
04na66OUzvtyG4oXXsxYLf,Change,2010-01-01
0fg7lYqzREtvKqU1mzmqUp,Prism,2016-02-15
1xf4URVJ3DRX2uumI916w6,THE BEST,2014-07-23
6E2LdXj2omi7OPrG1z89hH,CARNIVAL,2016-02-22
5LM5WSMukrRNwrkXHN1Vpj,A'wesome,2016-08-01
1pCouG7uLNQj5XPJq1H4Sj,A+,2015-08-21
65w4j5GGSTxXgm2ynfixYi,A Talk,2014-01-01
0rsnG5TJ9jv9XuLgri1E77,RUSH DIGITAL REPACKAGE “HERO”,2015-10-22
20PZB0hwwPkTIlWn11dmiy,Reality,2015-07-13
1TtTMVlPNvlpbzL2YnXes3,<No.1> REPACKAGE SPECIAL ALBUM,2013-04-25
2vyd340VD4NJ8YEIZ02wSK,Sugar Free EDM Club Edition,2014-12-29
0qJw61Dedn5xCoOStgWqQP,Funky Town,2012-01-03
53XrFP2XTxOR1cqnD0CjWD,John Travolta Wanna Be,2011-06-29
7GkrNZDPHIqYE6tVgf7xMA,Mirage,2012-09-04
5FnkDObCdhjEgtkaxoJ7uh,TaeTiSeo With Twinkle,2012-05-30
106vONbQf36JSfQGlyBA4H,The 2nd Mini Album 'Holler',2014-09-16
2UJZYFwoSUlbMKo73IjQ9R,Street,2016-06-01
0opK7fhDf6UWIVb4AKEeRo,Every night,2012-10-02
4AltTzzJMv0bER1rj3oUln,AOA 1st Album ANGEL'S KNOCK,2017-01-02
3D4EskjAYfo91G4BN7XcbB,AOA 4th Mini Album Good Luck,2016-05-16
6XpaDo4Sj4aSfbLfqglMfE,Heart Attack,2015-06-22
1obhg7oR7vgCxtNc3gKpNO,Like a Cat,2014-11-11
6esB2DBt46m38ZycDPsn8D,MINISKIRT,2014-01-16
1AM6J4QIJRL8MEXV03tlc5,miss me?,2016-10-17
1IKfObkLtxkeFC5yUcQcf8,Sting,2016-01-18
0opIxQvBGJFe3vupyvOICa,2nd Mini Album,2011-07-28
4TXy7ZNBxp9seiduNThzZn,Only One,2012-07-22
3rMvAe0zU0pJRnRa7Rfc1U,CHAT-SHIRE,2015-10-23
1bCQECuGiRPIdEkmCe8m1U,Worldwide,2015-11-05
0zlJOlDdsJ6Y14GnPoYGD8,SQUARE ONE,2016-08-08
783a1YbiWvZkD6UVFn9mtH,The 2nd Album ‘EXODUS’,2015-03-30
7xjycWH5Bq3N5rb9SEoDZG,The 1st Album 'XOXO' (Repackage),2013-08-05
1LAtXrg1eSZ0sHbdzWoKAj,LOVE ME RIGHT - The 2nd Album Repackage,2015-06-03
56L226pRT1sHo2vgoJy5IB,The Red - The 1st Album,2015-09-09
01n9lwCLSigXsuY0AdFS9O,Rookie - The 4th Mini Album,2017-02-01
2pBrB5hW9CjLWWZGqrET2g,Russian Roulette - The 3rd Mini Album,2016-09-07
0S1VyZliuHBfMhMCd7kr95,Vibrato,2015-07-20
3eq8OpzVB5qDET5TBoqTPN,4 Walls - The 4th Album,2015-10-27
6KMR8jlvEkXiL7Jco4HvPi,COUP D'ETAT,2013-11-05
3emUMd2AU3S4jF5ryo3CKr,카라(KARA) 6th Mini Album [Day&Night],2014-08-18
74CU3qunOU4OPzdSbK9rPv,2,2015-08-12
2LgnQf7qzLjeRcY7JjRfy0,Why - The 2nd Mini Album,2016-06-28
7iv5B002IyCRxcrxsmBcbC,I Just Wanna Dance - The 1st Mini Album,2016-05-11
3iSGoyAw5LwC5w5JRagyNn,"With Love, J",2016-05-27
4tjaeYd50YdVZLh5kQ0LGN,Venus,2012-05-09
6dIwlMT5nRODXU03vPs1lv,After School The 6th Maxi Single 'First Love',2013-06-13
407pN41bJq9wAWvauVVGa2,MADE,2016-12-13
27XDcBXIllsjdrwMoOM5Wm,RISE,2014-06-13
4uO6gMXuq2W9AdG4CyPLLT,Rollin’,2017-03-07
0LwhNIhiEE3D0memGvBLfl,"NU'EST The First Album ""Re:BIRTH"" (1)",2014-07-09
5vRc2fDkzXX2QzAjDdvZXT,Act. 7,2016-02-01
5NlwMhwLycO4kyzphjhM3e,Lion Heart - The 5th Album,2015-08-19
7kjI5E7O2TWQ79Q13tHrpw,Break Up 2 Make Up,2016-01-25
3hQknooffFRXh7jiJHFOvI,Press It - The 1st Album,2016-02-23
3uI4TkXyzJKZEWeKXbB9PG,4minute WORLD,2014-03-17
2OnjJ83PCZ40BTg6Zmnuvw,Gain weight,2014-01-20
392dpAiWwgaZBrc7iexjtT,Volume Up,2012-04-09
6pS98dlal9tYQYw5udDskl,Chemistry,2013-10-28
0rTICDazNtsQYlOIHZOXHj,CALL YOU BAE,2016-03-03
0H8x28mkOcJ7UMfOaeJxY1,One of a Kind,2013-11-06
2qoWlACJtoG0L5owi7Tj0I,FANCY YOU,2019-04-22
6Ib9CGdtxU34pR0Qp60Ht3,Twicecoaster: Lane 1,2016-10-24
0fUJLlrsG1MpTHr3MxPN9C,IT'z Different,2019-02-12
6XrOYOghCOtUlWYXxB4cAm,ONE & SIX,2018-07-02
6UOBloGQtXOHiAMjJm2LD5,APRIL 6th Mini Album 'the Ruby',2018-10-16
6GG4sDDLIzcBDXHXREuEMZ,miss me?,2016-10-17
5WflYUwhi8fBvEifYSapRB,Twicetagram,2017-10-30
3vCjRsRRGOLp8VCYPLXtDx,Why So Lonely,2016-07-05
3Y6fSean6h89OygPL0azrn,Nightmare - Escape The ERA,2018-05-10
7dXtKHYGXhQZCE2mEg0l93,Genie - The Second Mini Album,2009-06-25
08iyrLkLFP2ByBkqVhBls7,CLOSER,2015-10-08
2zwfcNqJe7IT1RwgVyv1ug,SQUARE UP,2018-06-15
27FDExxvG3h3XCUcJVlVSY,HUSH,2013-11-06
7rxIGZnWtFAmEP0LAGMF3E,Crazy,2015-02-09
0PlSM2Hml1cFANnzYu6RCg,GFRIEND The 1st Album 'LOL',2016-07-11
0COnSwFb5qOhABUyWNw6Kp,SNOWFLAKE,2016-01-25
4YroJ4NELkaJ34JjEZ6RyJ,Gee - The First Mini Album,2009-01-05
0LtwNMoaoYbJE8m3dT7XFe,The 1st Mini Album 'HI! PRISTIN',2017-03-21
5tnlYW7pyufAkD9DT8mXxz,SECRET GARDEN,2018-01-09
68esmTNXocYLPEbLD1c7si,Alone In The City,2018-09-20
25Mm06mrgjAuVfTcwKe7pF,YES or YES,2018-11-05
5MmndGNrJgTLd5W7HNmVST,Feel Special,2019-09-23
4r7YKwLYxQDH61GddP5l3j,WJ PLEASE?,2018-09-19
3D9pw2IEWic2jPL7ER8sM9,KARA 3rd Album STEP,2011-09-06
35LVzMbjGUCfYZYEP6YWyr,Summer Nights,2018-07-09
17BRNcJygXPprUrdEA4zkD,Memory,2016-11-07
5cWzZxmpNNedvZLCXnFE3E,OH MY GIRL 6th Mini Album [REMEMBER ME],2018-09-10
2mou6C67yLJkKWjV0FuXg7,GFRIEND 2nd Mini Album 'Flower Bud',2015-07-23
7coV2krimvobeWltmNvYeC,WINDY DAY,2016-01-01
29UxJbLKjRox0nOxTsDWNj,PINK OCEAN,2016-03-28
3uhihQCm9aSvdJmDXcVrvi,The 4th Album 'I GOT A BOY',2013-01-01
2BIlGYqHZqWuI6GqwXd22t,악몽,2017-01-13
6Ii2g2GfqTzkqtSCpsuA2X,A Class,2011-07-18
4WkapgTIqmLu5HUF75X6Y8,Lovelyz8,2015-10-01
1k8eHb3VP5FhHFVtap8T62,Hot Issue,2009-06-15
30CtcU5ApB65Dl9uxHQHjw,THE FIFTH SEASON,2019-05-08
7LVMjDwcyhVhDTHddKPjIs,The 2nd Mini Album 'Electric Shock',2012-06-10
6T9SFwLGHVU75jRAjUJn3W,The 3rd Album 'Red Light',2014-07-11
27cBQ5FDqv0xLgiJ7qNpZr,The 1st Mini Album‘Ice Cream Cake’,2015-03-17
1kNjZtyacMvP8a4zyR3lzG,The Story Begins,2015-10-20
0qXdSJ3TqYmGEjaLTsmGvr,Cherry Bullet 1st Single Album Let's Play Cherry Bullet,2019-01-21
243nNJW4Zk1vhQwNhZKXh7,PINK PUNCH,2019-08-07
7viSsSKXrDa95CtUcuc1Iv,KILL THIS LOVE,2019-04-05
7BcQMJklRFAz07H2HLTMT0,Summer Nights,2018-07-09
27ZoNL04hp5yKavzixqMUK,I am WHO,2018-08-06
47d5aGM6oRKMvabeH5oICz,YES or YES,2018-11-05
7H5FkCA6cTDBX3wtvIbN8s,NCT #127 CHERRY BOMB– The 3rd Mini Album,2017-06-14
2FTS6a6DLXMNp8flyA0HGO,Love Yourself 承 'Her',2017-09-18
7qAJpYeABXN9ZV5wOOX59k,SOLO,2018-11-12
4Is5iRvLQlJF5aY6bxhAXF,TWICEcoaster: LANE1,2016-10-24
61X9zu44fHnOjjqIYu05Rc,KARD 1st Digital Single ‘Bomb Bomb’,2019-03-27
0ESTAnvX2zjMBxzesNAiR7,RUSH,2015-09-07
7BYCvUqCaeIo2jgOl9iAGr,Gotta Go,2019-01-02
1WzVAxZWm3JDNbI0jzk0dF,PRODUCE 48 - 30 Girls 6 Concepts,2018-08-18
7e6TOKG4POoaQikpefQwbC,[+ +],2018-08-20
17FnTn4P3Bkyf6mbNQDhhy,Wings,2016-10-10
2lATw9ZAVp7ILQcOKPCPqp,Love Yourself 結 'Answer',2018-08-24
2EUGHPf9UCnInxJ8p7gDVg,The Dream Chapter: STAR,2019-03-04
4HWZTwLxT2LRjRgg1oz5ET,Evolution Pop Vol.1,2016-09-26
7GfqgsiW63VBNLRvIrhqLx,BIRTHDAY,2019-06-13
162XZSDZpr559n4iyLy8m5,Clé 2 : Yellow Wood,2019-06-19
3Xv60ja2pLxH3Wk0x0JIWT,NCT #127 WE ARE SUPERHUMAN - The 4th Mini Album,2019-05-24
2kyVSOU7qUn6c3WqHjhMB1,beauty&thebeat,2018-05-30
4FO6zeenyyhew9sB4ErG9z,Offset,2018-01-17
51qHHvrptoKt4XsDLacc4w,I am YOU,2018-10-22
5cxJNT3zQw9kvJ0wpwWY7V,B:COMPLETE,2019-05-22
2jJfnAZE6IG3oYnUv2eCj4,Love Yourself 轉 'Tear',2018-05-18
2bl024XQdz3Pd4jQLNyaZg,PRODUCE 48 - NEKKOYA (PICK ME),2018-05-10
5iJsCigDROOTMgUpJ6ex2S,NCT #127 Regulate - The 1st Album Repackage,2018-11-23
7cG5ePRgPuSblOX0rHQfuh,favOriTe,2018-08-07
3L4l2jfFtydU9Mo9vjnxgN,2 COOL 4 SKOOL,2013-06-12
4e4Is56C3ph1sevY1I9Mq6,"O!RUL8,2?",2013-09-11
1sBSHQEpD9pQOrJIv4qyFs,"화양연화 The Most Beautiful Moment In Life, Pt. 2",2015-11-29
18S9Qgh2CG9YoB0vvXzby6,Skool Luv Affair,2014-02-12
6CqQEpTYDf64ku45E3ry7d,WINGS,2016-10-10
7ciJtZ2tYXhKsndQ7bf7Vw,Dream,2016-01-07
50BrkBakrLWufmTLjCVBwn,FIRST 'LOVE&LETTER',2016-04-25
6ZLQnQfsxbsdLNff0gz2Qe,11:11,2016-11-01
7qvA0kf1dkmR1As2gOnBPn,The Most Beautiful Moment in Life: Young Forever,2016-05-02
4frjaGAtuBmm8CPuYPY4oG,The Most Beautiful Moment in Life Pt.2,2015-11-30
5VWPfP9Ibc44LHQxAqoqtt,Hold Me,2017-12-27
3W93QQ0j8poUcMM6LJu9bR,"WHO, YOU",2018-06-25
5Fs2dlwUz1zkNcUPu6KaKF,Wish & Wind,2018-03-08
7ANb4BnhkVoBO4RDSJ6uSs,/// (너 먹구름 비),2017-06-27
2cD4PEZrF7dCwPQUDung8F,Star,2016-12-05
7LF4N7lvyDhrPBuCJ1rplJ,You Never Walk Alone,2017-02-13
26adxLsliyYcCfVTF6xA75,WINE,2017-04-27
0Gv6nwfgk6Cy62j0GGITQc,The Most Beautiful Moment in Life Pt.1,2015-04-29
4z9MmGwmGbQsOK90UQhV8p,DOWNPOUR,2017-01-18
2qgl7dAgslqL1w2l2wQhMA,The Velvet - The 2nd Mini Album,2016-03-17
7FxxU3EP37uMsZf8FilkDR,Dark & Wild,2014-08-20
0XqAZHNx0xJDObehTI2587,mono.,2018-10-22
11hjJntrvmauDoga4Krr0U,Melting,2016-02-26
3GlWXh9hTWYJF8TNolZZmq,1¹¹=1 (POWER OF DESTINY),2018-11-19
45RVbFvHsy7bsO7CQ2oQ6e,"Universe – Winter Special Album, 2017",2017-12-26
1wW2yfORAbOEfn2Et1q687,instagram,2017-12-26
3wXGFboFgcK9ezbPuSrKk9,Seventeen 3rd Mini Album ’Going Seventeen’,2016-12-05
56MqewtCUq5bplrqEYTVL0,Modern Times ? Epilogue,2013-12-20
4pUGLEuGG0PH9Slw3nt1Jn,Red Diary Page.1,2017-09-28
1MW3txTS49ZGvyLi0fziLU,130 Mood : TRBL,2016-03-25
7vZ0v0ZUX9KSCdZgCrtovy,Eclipse,2017-04-10
0HIDsIWC43WiecL3qO7IUP,Void,2018-04-16
1ISzcfWfLdewW66xc2Qszt,MOONRISE,2017-12-06
7fk1Ss3LO6U2LYHb82z9zf,"The year of ""YES""",2018-12-12
6GbiSEYL78RDLpxoxkWavo,Agust D,2016-08-16
0a9neB7QlIaVQ7Wi415Kh5,Monster,2018-02-02
5emTRUsmyNF1hNSTVqlyO9,Moonlight,2018-10-30
3KrFO9QDgfa4UAiqM6flTf,Poet | Artist,2018-01-23
40Pa1bnWFp4I48tuoal1mS,I am YOU,2018-10-23
629NfdAtwu46Z6pNZPKSGq,Mixtape,2018-01-08
01Ko1HQowbmrPM3awKqZsP,Miss You,2018-10-30
0oBH83eLqK72jLRzrbPBH6,180˚,2018-12-07
2sKtwXOe7K4TETlta1ehba,First Sight,2018-12-14
0YN16PVfGV8fZM7YTuHZiA,<Present : YOU> &ME Edition,2018-12-03
2bGsIOkfC61PUPVK1ILQci,When You Fall,2018-12-03
5DkaeCg5he1AzPOmZuGhdb,Autopilot (feat. BoA),2018-12-04
19HqbZL9Y69UssY9DDyBXR,Garden,2018-12-20
0pHTB9s8eflsnSSIhrCBEY,New Chapter #2 : The Truth of Love - 15th Anniversary Special Album,2018-12-26
5aHdNainJWMc3n2AqfiOg5,"SEVENTEEN 2ND ALBUM 'TEEN, AGE'",2017-11-06
6sQ2Gukev7VHstYs30LRAu,1X1=1(TO BE ONE),2017-08-08
74YQYAzf6Vm2LgIrsKxgHr,텐데...Timeless,2018-01-12
3bMotSQLWVaBRY8VpBI3eM,"For Life - Winter Special Album, 2016",2016-12-19
2bvVUfael0Y1JwuHEsnqZm,Paint Me,2018-01-04
7BxCYexXYAyXlMc6IVOMz5,All Light,2019-01-16
1DALmYrnkpWNydgxCger3R,Idea of You,2017-06-09
4MQu7vXhTomG1ZyOINRLm0,V,2018-09-10
4hA6wnrxDRP4hkCrwBoy44,Pink UP,2017-06-26
6kDty5vSEGHiTHS8OwXSCj,Twicecoaster:lane1,2016-11-04
5JtYNion0x5enJFBhDgBJq,Twicecoaster : Lane 2,2017-03-24
4Sm5OwvCBTMxG88fyfOr0T,Page Two,2016-11-04
78Ei6os3WDar0sgVlGz0yJ,A Talk,2014-07-28
2QGDdrZDuxK7VBmcJZxi1B,Act. 7,2016-02-01
6bf0r561nSUanYZ9ej56Me,Girl's Day Love Second Album,2015-07-07
3ejtzmi1xzQMl8JtJruZPp,Bubble Pop!,2011-07-05
2EHA3up6S0LpzQLZ7XlRsb,Pink LUV + Blossom,2015-10-02
130MEXfaPjOmSkE18F9rJm,Trouble Maker,2011-12-01
7MxQlxbJRYm9mZr8spbBke,A`wesome,2016-08-01
4efZAcyaIaPMIeBQheHKOy,Catch Me If You Can,2015-04-10
3yOVupLmLpD7Qosl08ow0u,GFRIEND 1st Mini Album 'Season Of Glass',2015-01-15
2YxJHDVzL2rWt5ZoXPv0FM,기대,2013-03-14
57x5ESFsP9BhhjJS99zaUE,The 2nd Mini Album ‘SCHXXL OUT’,2017-08-23
2kYov162D5mOs1tzrI19s1,'Hot Summer' f(x) 1st Album Repackage,2011-06-14
5EQFuy3JR05HG1WM6YUx2a,Absolute First Album,2009-11-27
1VTC6SmzvyPnWsEuQ0clrb,Heart Attack,2015-06-22
6AMAirFub1064lnkEyp7Uh,WEME,2017-08-08
5M9UHrttiFNuym6Rf3hfTT,DAY BY DAY,2012-07-03
4MypRcUE8bUFQ0TpIhIe1C,Sister's Slam Dunk Season 2,2017-05-12
7auH2HGIx0QeFEVoxCPmHm,Whatta Man (Good Man),2016-08-09
5hr3fB4sBOMC7kZr4VvsUu,'Hot Summer' f(x) 1st Album Repackage,2011-06-14
7jxp9UaF0Hmtmr6zuacjoO,GFRIEND The 2nd Album 'Time for us',2019-01-14
5O6vjbi5FqmKiVLO8HxgvX,PERCENT,2019-01-07
1r35iKDhDpJTkVWBBCtFIB,Everything You Wanted,2016-10-20
5itCMQKCHB6H9thK7asSHS,Yacht (K) [feat. Sik-K],2017-07-17
25JXdPqltw5vOH8KPOzd2c,PIECE,2018-04-25
4hlhRlDPvdfc7hQoD8gxZ1,SUM(ME:R),2019-07-17
6AjfY47ASqK3OjjaPxTqaH,Thumbs Up!,2018-09-10
7ayq6V3xwXGOScUqhvIyFl,SEVENTEEN 5TH MINI ALBUM 'YOU MAKE MY DAY',2018-07-16
1qBFnXYzALfwnIvsknOEKK,MILLIONS,2018-12-19
44HjYZEwgtloDNyIYK4DzO,SO COOL,2011-08-09
0ZjxizLeMyFEjR27JIvD99,Gangnam Style (강남스타일),2012-01-01
4oU5Tp952fPL7z2Bax4JmU,NCT #127 Regular-Irregular - The 1st Album,2018-10-12
4et1GgNRTOx3xpK81Z0iOn,Highway to Heaven (English Version),2019-07-18
6jde7WGOJ8vRhD5YpxcgIm,Let's Shut Up & Dance,2019-02-22
4bymCb1bTBZDR1W0PN08xw,SOLO DAY,2014-07-14
0LqZ9ELhMDdIkpXvSqaLAp,Red Diary Page.2,2018-05-24
2cEYyauffphZuDONGi6z9b,We Young - The 1st Mini Album,2017-08-17
7dOZAeST5qCpfpQRAHq9sa,twicetagram,2017-10-30
5Lzl77xwAyReRnKPQkEjZH,FATE NUMBER FOR,2017-04-04
2alo2kIobb6naSuL1ABFOR,Boys And Girls,2015-11-03
1Or4crj0DlitdTRp36TjnT,SEVENTEEN 6TH MINI ALBUM 'YOU MADE MY DAWN',2019-01-21
4myoH0xndN3zGsEOJvuMgv,WINDY DAY,2016-05-26
0nVf5phbavLJZUzgRjoUvJ,SUMMER AGAIN,2016-07-06
2dOEJVCEUrPtqW47SNEzON,SPRING,2016-05-04
0YmsYurKKnOMbyRuAnLJWV,A'wesome,2016-08-01
03q0rJ9J1FbvbTUVekJGqk,YESTERDAY,2017-02-06
5wHs7NGuapCYtY4wWsYMi3,HER,2014-07-24
0pW6Q9brZc5MEmrMx9aAUV,Everything You Wanted,2016-10-20
4AWDPC3EEdpjRSVuJXVzRi,Can You Feel It?,2017-03-20
7p9kyHQzs6rVOdlhhSaL06,Forever Yours,2018-11-06
3MV7HPkh3Hg0kkbQ1KesfY,Gallery,2015-12-07
7A8SILx9WOx8SOvApoBuMN,Television,2017-07-13
1GpTYZNg9VrcKoM9Mb0xM0,In The Name Of Love 1,2019-12-04
47KvrzwD8nPGwpYYI4ffpj,LIFTED,2016-08-19
3rz2cmoTK4j3hpuTfeRSRn,BLUE,2017-09-05
7tIzY6LKIwfEhEtqWvG5cl,THE GREAT SEUNGRI,2018-07-20
4THYBlMahlzoVC61vqGkZq,Let's Talk about Love,2013-11-05
4ayTucmOGwLd0WrJddrUwx,TREASURE EP.1: All to Zero,2018-10-24
5YOvg682zFOleCiSndLnZr,NCT #127 Neo Zone - The 2nd Album,2020-03-06
76IRLp7YzBVLKsat6Ro9ae,Chicken Noodle Soup (feat. Becky G),2019-09-27
4EEfpF1qcPAl1J4Z770A2U,NCT#127 LIMITLESS - The 2nd Mini Album,2017-01-06
6t19bzzwxuHIK3C0YstEcG,Day2Day,2020-04-18
4iGDZdyxAf3vA24HfI0Ij8,Hello Bitches,2015-12-05
2YJrdV7ZxFSrNa2rMaLr9D,A,2015-06-01
3tLpEVOpXkRifL3nIziMN6,DEVIL - SUPER JUNIOR SPECIAL ALBUM,2015-07-16
6yRUOoA0Z4jgr6qcKcFAbH,"화양연화 The Most Beautiful Moment In Life, Pt. 1",2015-04-29
5P76th5WUjiqXxTYIgTXsG,The 2nd Mini Album '중독 Overdose',2014-08-06
5CwTN4j1Ai5BfF5J9c8LHw,DEBUT HALF ALBUM 'WELCOME BACK',2015-10-01
5kaMnuKKIXvAGhV8SDrfs5,CARNIVAL,2016-02-22
7FaQCY9KLjVNBecWZagXwr,1 of 1 - The 5th Album,2016-09-29
2SOEQhCJdBlxrIV68Wfisk,KWON JI YONG,2017-06-08
1efALwhMyHci80AIeiOp0m,Hey Mama! – The 1st Mini Album,2016-10-31
5LjjM5xxUKPOEM2lmRBb1f,Lower,2018-01-05
7hdql29wHs1VTWxmGmm5HV,Lady,2018-04-02
33jGMiM6HwvRfrW8bevNWo,THE CONNECT : DEJAVU,2018-03-26
2rCAxjC3ieERLL646wsAc8,COUNTDOWN,2018-01-31
5bZagDONazVp43sbHlf3RD,Present : YOU,2018-09-18
7nJRHOtyVewhREGYcGUtHg,Spring,2019-03-13
4MZkze0YDfaDcetz9h5sDF,Sound-3 G,2009-07-20
0myFUTLsIg4SKyAanKrM3f,'The Story of Light' Epilogue - The 6th Album,2018-09-10
2tSO8aEYf5YvpwmvvrOWH7,LOVE ME RIGHT - The 2nd Album Repackage,2015-06-03
3VJ491AjnQygF0lcuiRD5D,Honestly,2018-04-11
35M71S29eZpJgGh2G7uzw4,To Anyone,2010-01-01
05c49JgPmL4Uz2ZeqRx5SP,Chromatica,2020-05-29
5OgoFdloQk3w6yfa1bDa6w,"Piano Collection, #6",2019-03-05
5e5AdT78U3ZZthxDcYdxCs,"Piano Collection, Vol. 1",2018-01-13
7DpKPGO3b8WHO2LDHKHf1m,Prelude No.12 in E minor - The Piano Works ; EXO,2014-01-01
3oKDuynH6AVJJNFpLu9hkD,"Piano Collection, Vol. 2",2018-02-14
3oV63bGVvGe6flbcSD1B5x,"Piano Collection, Vol. 4",2018-05-31
5I4yNbZloL8J8tMxUxctn6,"Piano Collection, Vol. 3",2018-04-07
4vcqaAPNDVVcGyO2LHfwDR,"Piano Collection, Vol. 5",2018-09-11
2iJwc9Isd4Ic5ckpkVjdxl,"Piano Collection, Vol. 6",2019-04-15
5FzT8f15B3U2FZMtMiEsE0,Piano Dreamers Cover BIGBANG,2017-11-24
7LOzVFm728p8SfnYzwNPDL,Piano Dreamers Cover EXO,2017-10-27
1y8HHn9NDnOtRDsz4fpvT6,Beautiful,2015-07-21
52cUTQY5JVdFXd9Ehhj1v8,"Army Love Yourself Tear Piano Collection Album, Vol. 1",2019-01-24
48WEByw1xdCPFogVuoUaKE,Piano Dreamers Perform Monsta X,2018-10-12
7xd52YjSoq2FikKTkk1fNL,Best of K-Pop 2018: Summer Edition,2018-08-03
1eJnPRXWCcGIW5csJ3z0TJ,Piano Dreamers Perform SEVENTEEN,2018-06-15
436JAnc8VrhImQPJ0Aao77,Piano Dreamers Cover GOT7,2017-11-24
0iFaX3sq08qlEd7om1QBy6,"The Memories: Piano Collection, #5",2018-11-06
7gYzLMUXGIyiPC1oTVIrRq,Moonlight,2014-01-01
35ysGfURGPhV0IUfGrrzCV,Map of the Soul : Persona Army Piano Collection Album,2019-04-23
0Tn8DwkrdnG0bbFq4f8Ua9,"Piano Collection, Vol. 7",2019-07-16
6SwPwntAh7WasXdlw3yo7r,Piano Dreamers Cover Stray Kids (Instrumental),2019-09-06
18HdZzO0yOrCUccxZonxHX,Piano Dreamers Play Blackpink (Instrumental),2019-07-05
560XExJUOx20lW4CRlhOcL,Piano Dreamers Cover NCT 127,2019-03-01
5q5S8Fs1CHpbBLkexw3kEQ,Piano Tribute to BTS (Instrumental),2017-07-07
08naEueI4Tl3PZ8SFtMBH2,Piano Dreamers Cover GOT7 (Instrumental),2017-11-24
5RVcVeRyHSF9R5m9e0iG2i,Piano Dreamers Cover NCT 127 (Instrumental),2019-03-01
25m8RewnU56R8oDljb35El,Piano Dreamers Renditions of Tomorrow X Together (Instrumental),2020-01-17
7AzuNN0wLwh3sEvil9VECe,Lights & Heartbeat Army Piano Collection Album,2019-07-24
6tRin9iU8hUdMkG4Dfz2lQ,Waste It on Me,2018-11-07
6slCkMfsRJ9wU9V2fOQe3u,Bts Piano Covers,2018-06-13
5qXOGcXhNXXlnW0YILTM8W,"Piano Collection, Vol. 9",2020-03-06
3z2xxOJKI2kUYvp6qAwOI1,"Piano Dreamers Play BTS, Vol. 2",2018-08-03
1DxI1UnhdO0DyMfgfGZDTy,Piano Dreamers Play the Best of K-Pop,2017-05-12
5r50RTYSYBtOkHHIRC9hRg,Piano Dreamers Play BTS,2017-12-15
1e1gNwMtLXI9PI9BfLT3kC,UN2VERSE,2017-07-13
767KnbIncK9VAHSFVIiK00,THE BADDEST FEMALE,2013-11-05
3VeAhTrnrIzZTJ6qEsByAg,Melting,2012-10-21
1NiVUXOzLEaI1qmDxU2L3J,The 1st Album 'Pinocchio',2011-04-20
5dD4zxBFm8fnRYQnFIEqLR,KWON JI YONG,2017-06-08
0xV4AYgTAeT6JzGuXmki91,Chained Up,2015-11-10
74mP0wS6SgwNWipY1nKUB9,Skool Luv Affair (Special Edition),2014-05-14
2KqjZihoHmimTaPaC3dNb2,일곱 번째 감각 The 7th Sense,2016-04-09
3BPjJEl3GqXKDhYZf7iFfs,Press It - The 1st Album,2016-02-23
1QQ0J1e6itmf2lufaeFfo5,The 1st Mini Album 'ACE',2014-08-19
0EsY5ILLEfwUaQjON4RNMq,TVXQ! THE 4th WORLD TOUR 'Catch Me' LIVE ALBUM,2014-05-22
4Rkz00xg0zSLdmipbG6uRr,Yves,2017-11-28
5oy5oSghkmsOjZS5nu2r6W,JinSoul,2017-06-26
6YeZQkSgIVYCBefzTxwVdu,Chuu,2017-12-28
6J6hcDzG79Uh0xob2e5J29,Max & Match,2017-10-31
1DVurmzIRwsZ6ak9SVM2XC,One Step,2016-11-01
6WPrjMhe9aqf9VxANpa46t,Ssenunni,2015-10-02
3iiezG10DJSJU6HZ5t4G9C,MINZY WORK 01 UNO,2017-04-17
17nM2ruhCRbEqX1vWwOQp2,Foresight Dream,2016-01-28
1Qqxf2nbWLwRGNgJpd4rqp,UNPRETTY RAPSTAR 3 COMPILATION,2016-10-24
1fghVqJ812j2fqPYrSFd0Q,Hawwah,2015-03-12
0piskRApt5KdcJCjsuBN6t,Truth or Dare,2014-02-06
4Wt0TAJuxIRpqxelz7S1cz,Deepened,2016-02-16
2LMrWKZ6Ei0HSEN9vcigmr,Dr. Feel Good - Single,2012-09-18
4rNbLQCtgRSSCvYjk12zX3,Just go,2013-03-08
076WWC6bTvsL0N2kyM78Qi,Secret Time,2016-08-25
2zvjxB4M6CPp6j2W8XqSuq,MIRAGE,2012-09-04
59CGYWCNXuLHADvHwBHMhv,I'm Not Sorry,2015-07-07
1T31bmhGoWoSHmZUjKilzi,love,2017-05-19
0PdAg07vtuG2iqJE6abWNE,The MOBB,2016-09-08
1YE7cpewhyGIEQ0zubaKFb,The MOBB,2016-09-09
4yH75Y9fEWuDXRkuP35CKw,Oasis - Single,2015-07-09
2f9Pae8JWuf6kKpNhfOf8a,Interlude - EP,2016-05-06
1JshUSmwYY6kIKNavZQQAG,NEW SCHOOLGIRL,2009-01-15
1fgyOFuEGFnWRTT1SwWH0V,VIRGIN,2011-04-28
5PXVRXQIPAXH0j78MfeDrV,ALONE,2012-04-12
4OeQ9nilS4Sy3efzt0hVFi,The 2nd Single 'Be Natural',2014-10-13
4g6plYTZnrC32T2M9wtUfH,130 Mood : TRBL,2016-03-25
5Kq44LhaMtdQeQIxyrUySg,Nice Kpop,2017-03-09
0woMyvkTKuCuiMLvUi3BsH,INTERVIEW,2016-03-24
4qNS8mbelilXUaNVahRYtZ,2014 S/S,2014-08-11
5lshjKXIJpLqUW3JWsT304,Life Is Beauty Full,2016-11-10
6g7wS55uE3eKGW3j2Hoaci,SEOULITE,2016-04-20
5SPnw5Rs6clE3KLIH9IFYz,Sofa - Single,2014-10-28
6rFLPutPduVsUMY43jIaJk,SEOULITE,2016-03-09
7vI95ypTA30O2IlZBpIMQP,A Few Years Later,2016-03-28
3KBccxS50k3tqRJ1G3MWh4,가끔 (Sometimes) - Single,2014-04-25
49cfNmV24xZ9IBlZ6QFLzT,Stand Up,2008-08-08
44BoXvyaslCItBeAKNZoT8,Melt My Heart,2014-12-10
7iUiSK1dCxUTOFq6BWrreS,Guardian (Original Television Soundtrack) Part 4,2016-12-17
2DIOEfz9HuzawA4Dtj5HEQ,D,2015-07-01
2k0hCXVcLcz3JECbGs64C2,The 3rd Album Part.1,2012-10-11
044QUTXE2d7RXA3vTz2TMU,First Love,2013-11-05
3Vp5UGeJIFoJ97hApMPo8A,Magazine,2014-09-25
5TVsuCwCLLBk9qpElbX7nE,Descendants Of The Sun (Original Television Soundtrack) Pt.2,2016-02-25
545NShFN9mimdodLrUQFYP,99,2013-11-06
0zTnt5jVnRUOaBEu1hqSYs,Will in FALL,2013-10-18
4RqTf1c4BVayDDMLXwSLCf,우리 옆집에 EXO가 산다 (EXO NEXT DOOR) OST,2015-04-22
6eY6SMRP1BMpz3ayTao91a,[RE:],2015-03-25
1GkX3bK7EifJLAPLFzWhiy,"Come Back Alive (Original Television Soundtrack), Pt. 4",2016-03-17
7AuYXdx2Z1i6UluN9lkwgL,"Cheese In The Trap (Original Television Soundtrack), Pt. 4",2016-01-26
6Ws1NetwWwXXK50IrNvs7R,"Moonlovers: Scarlet Heart Ryeo (Original Television Soundtrack), Pt 1",2016-08-25
17TnRTTqr5EkE1omGCTXQg,Descendants Of The Sun (Original Television Soundtrack) Pt.5,2016-03-17
3p0UBB3OZJ9RLb6ecdu2dk,Rain,2017-02-14
7hq1c0ZrLiSKxzhoRacoG7,On And On,2016-12-16
6LwIp8r0GbvfPYr7T81BW2,LONELY,2017-05-31
1XkudALAHQ5nz1P8zHfI8v,Wonderlust - EP,2016-10-14
7lxAnkRj9dTsrbCHIYyMGW,Love or Not,2017-06-12
4X63uyZ2wE6IbTSXxV2JSx,Sweet Stranger and Me (Original Soundtrack),2016-12-14
1wulhT5UbqoiQjHfFblPw4,Limbo,2017-02-17
1lbDruJmeN8mMlvJBQgeL5,Outside,2017-06-30
4laMaViU0DAsIz0iNdXxcI,잊어버리지마 Don't Forget (feat. 태연 Taeyeon) - Single,2016-01-22
3xUWeFeLn6m3NXKr0FlT3E,And July,2016-07-18
06ngphQtoWwkns4H1tpXnq,양화대교 (Yanghwa Brdg) - Single,2014-09-29
5gdBIiSdnlQ4VFrJQ2eAym,"SING FOR YOU - Winter Special Album, 2015",2015-12-10
14cZOtcNhNEQDQUwtg6gcm,당신이 잠든 사이에 Pt. 1 Original Television Soundtrack,2017-09-28
6R2B8rmhp25wFHIGZPmYYI,당신이 잠든 사이에 Pt. 2 Original Television Soundtrack,2017-10-04
3RlXW94RoRIrAOLMGxUUTg,INNER CHILD,2013-07-03
1g08wh1OcyBLzMqRjNj5xJ,SEOULITE,2016-04-20
64eGzMLFB50yhI3L8oNQr0,My Love From the Star OST,2014-02-26
0nCxgNlP3ynhDKpeim8INX,I'm OK,2015-03-04
1h5XqsWqZ5Ok53tB3rAHsW,봄인가 봐 Spring Love,2016-03-04
1dakUeYDjlm2TQwzbLrln1,Jelly box Flower Way (Prod. By ZICO) SEJEONG,2016-11-23
2BNimvLLlD89e4Sb7ZVX6I,SEVENTEEN 4th Mini Album ‘Al1’,2017-05-22
2c0FB7FpgF1ORH5k5w32Ft,"For Life - Winter Special Album, 2016",2016-12-19
0etVkROh5WOl6OdYqRHPP9,I AM SAM,2016-04-10
2eDSyLwQ3OG0r5uKqi8JAZ,Goodbye,2017-01-21
42jhVkCdzN4cuIvc0QyXbS,Guardian (Original Television Soundtrack) Part 9,2017-01-07
55IvETu3AX6HGxxlalfDBY,W OST,2016-09-14
0nlexwhGeD85RSnfWtfPFk,Le Grand Bleu,2014-03-06
3eHhVAhT8uCrEPlZywai3o,"JONGHYUN The Collection ""Story Op.2""",2017-04-24
0AKipWsFlP8QWND7BdwAor,We Loved,2017-06-13
0w4974GcQSKPPr8NhVtX5V,"Weightlifting Fairy Kim Bok Joo (Original Television Soundtrack, Pt. 5)",2016-12-08
38Ch7I5PqyCIugfJCcKTMr,Show me the money 4 Episode 5,2015-08-22
4qIn1bOjIOsvHOs7WGPloF,POOL[pu:l],2018-05-12
6AeMj5CMeTXRGhmUuv0LH3,City Lights - The 1st Mini Album,2019-07-10
56S7zetVLAz7xC5GrmOld3,DIFFERENT,2018-07-21
3lj9479k4MvQckJEzhlZL7,Departure,2019-10-29
5LT2wrwER2yxzJ9KSPH4zk,Bad Habit,2017-07-05
0nI1IJz0ekVLD6vyYj77uH,Stay Beautiful,2019-08-26
2imXZERIWiGXzarWZVJ0m5,Sugar (feat. oceanfromtheblue),2019-04-05
1C1qYeSC9RdgbrKXpZCTSJ,SuperM - The 1st Mini Album,2019-10-04
5HyrUteikoFGu38bAf7zYc,Hands Up,2020-02-11
7KrRT3DMomHHFtRCdK6sPs,Universe : The Black Hall,2020-02-12
0g1j2seZWd8MWCRz4zGLg3,I am WHO,2018-08-06
0mCPYdhQPWUQtQSp4CSxNh,THE BOYZ 1ST ALBUM [REVEAL],2020-02-10
6OWLP5aWafuctNQoJka9LQ,FIRST COLLECTION,2020-01-07
4HGhzqQEY1X6WWZw6MhjlO,TREASURE EP.FIN: All To Action,2019-10-08
12f1HfzQ9lqohKvd0RAgQf,Bomb,2019-10-21
7cAFD2IBjYXaZr2bZdTTIf,Shoot Me : Youth Part 1,2018-06-26
5KoR6s906nbO21C9ZPdwTv,The Dream Chapter: MAGIC,2019-10-21
36HsGgJsOHL4cHqR4J2GEU,HIT,2019-08-05
49NKBZDb92AQlMFypkZRTF,LOOK,2020-04-13
1iYRYCKYO7AkQetL2ukNJp,Re:MONTAGE,2018-01-09
3SoaVGrOhUhSSdaanMdbbI,Double Knot,2019-10-09
4rcCDHuUPZWtnQ380SXHaN,Reality,2015-07-13
1cXSov8tF5PietO9VICqDI,PRODUCE 101 - 35 Boys 5 Concepts,2017-06-04
0OQZQq2066KZgauv3M24CK,THE BOYZ 3rd MINI ALBUM [THE ONLY],2018-11-29
28XTJpEAGBdfASGODUiFo5,MIXNINE Part.6,2018-01-27
7EvcWYZcfEwZ8Im9fMoPMb,X1-MA,2019-03-21
1u6A9D6lnJ3RT1wRjVRueH,XIX,2019-04-13
1OybPYKdwzIzBoeFH1RHln,PRODUCE X 101 - 31 Boys 5 Concepts,2019-07-05
65Bt7vUBjsEpWv11eNMol5,F;UZZLE,2018-07-10
2kol4AtxVszuo0MJoqoJ5R,The 5th Mini Album 'CANVAS',2016-08-29
4btxaakgIaE1AkXqpReLwd,An Ode,2019-09-16
5p4dKm8Bnoi62U26W9opAI,Pink Walk,2019-09-28
7uNyF6MKaVHi5TJqIiNobm,OBSESSION - The 6th Album,2019-11-27
7LWfEiSeue9BXPbUOH34q6,Breakthrough,2019-06-12
2iNuqI81QpukRsKAmEIJeF,Golden Child 1st Album Repackage [Without You],2020-01-29
7beQFEkNFuQ8q39fp2psKX,BLOSSOM,2018-04-24
1AIAPDjo7yoK8L9PldQDVd,Uncontrollably Fond OST Part.12,2016-08-12
7K1ENiznRIHAcW7JoxRNuR,EXOLOGY CHAPTER 1: THE LOST PLANET (Live),2014-12-23
5KDw3jZVXGQ8e6vLU0MtAq,Spring Up,2016-02-23
6Py1in4kLxzcr1BaMY0qbj,LISH,2016-06-09
1H8bfkcty32cNSHfgPIDXU,Young - Single,2015-01-27
1FLcN9j76qlfLYT5KIlK1X,화양연화 The Most Beautiful Moment In Life: Young Forever,2016-05-02
4pPg8mMEDja315sNthkACE,20,2014-10-10
3433AN5752lVIHlFKwoipb,넌 이별 난 아직,2013-11-15
4jihzkk85wcWSV9l4a0RWR,Don't Come Back,2016-04-14
7jOt38t5CCgxdUXc5d2o8V,LOVE ANTENNA,2016-07-18
2vo3nvT5oqGlEHGbh1QvhO,Summer Night You and I,2016-08-03
7taKyOK4LYB8uEDoR0x2NQ,12월의 기적 Miracles in December,2013-12-09
03eUMhwODEJRYsYEiqtOpo,Play,2014-04-15
3uMqletFsWdW5I2dvlGU3x,Forest of Skyscrapers,2016-03-11
1fRtNPXHtZ1DRq0tlNEqoe,No.5,2015-07-24
3JdBY835ai83ZEVwvBsIDN,꺼내 먹어요 (Eat) - Single,2015-05-19
2vXJIYkY9eWpTQxwKUbRtr,SHINee THE 3rd CONCERT ALBUM <SHINee WORLD Ⅲ in SEOUL>,2014-12-11
6dqO0mT2ujGme4vKUz72i1,3.1,2015-10-10
2zXnYPQKHk9VNeNniZBKNf,Time,2014-01-01
1rpUVeHQKZRvfHPn0OEOpU,Hello,2015-06-05
4657RzDqZ0HX96GbkmkWs8,Think About You,2015-11-11
2V6ebajKz2vc5b4hN1EWf8,Everest,2015-11-19
0nWBSuq8n7FiqE2pd3WX4d,There Must Be,2015-03-09
78lRN77t7u5RpxoYPkMTuu,PIANOFORTE,2014-10-31
7Dqdh9oAx65Xtn2MTD4Are,어린왕자 The Little Prince - The 1st Mini Album,2016-01-28
6BtGDlv456TTwfwqkNN7af,한마디 Your Voice,2016-03-18
5czwI33TW6BImRbNg05JRg,부재중 Dial,2016-05-23
2xlOv4KlRfJBbKtPjrJFgr,Erase,2014-11-20
7IyU3Bqm8ERDh7i4wq4OuN,U&I (Special Edition),2014-03-19
0RUH60CYmsTbBR1rM8UK31,ROMEO Special Edition 'First Love',2016-08-22
1PixKO4KDatrKpmUF9zJNb,달리기 Run,2015-11-27
5HKiK0fyN3E6TkkAJfgj23,Erica,2016-09-26
3yCSYwHH5m6UOTcWAr1CA1,"태양의 후예 (Original Television Soundtrack), Pt. 2",2016-02-25
5vudrVEnoTqgAgATgafUL2,No Make Up - Single,2015-10-12
3ZkPccW7mkSC7BCulcPFJs,The Velvet - The 2nd Mini Album,2016-03-17
5gjyCvsEEqcsYD7LqAK6kP,Mama (The 1st Mini Album),2012-04-09
54JAEnkFl5ocPIx7aEInXK,The Clan Pt. 1 <LOST>,2016-05-18
6GUiTUgcpkhKlCZMTLLMI3,MY NAME IS SAM,2016-03-25
3VETo1G0nG5px77qyGtCxA,GOOD TIMING,2016-11-28
5bgxRm3MFi4WHXOqEcVcnA,1 and 1 - The 5th Album Repackage,2016-11-15
4WWOSkEbqHq26oBgkLUscK,On The Way To Love,2016-02-16
1jHQvRq1MvMwOF6ccQsRQr,W OST Part.9,2016-09-07
6i33qLBFDIzoCHkynD3Jmt,His Voice,2016-11-29
14wknjzBTSm19ZxYFemaYM,"Drinking Solo (Original Television Soundtrack), Pt 4",2016-10-03
5qGs7VDF4c6yg7w9x6svTx,PENTAGON,2016-10-10
2fQX20OE19Xzq9sBczNI1u,I Mean,2015-10-12
08KJZlPFZopfATpGPCEfHk,Our Days,2016-11-19
0SWh4qV8nFncox1o5un41j,Burning Rose (타오르는 장미),2011-11-11
4viHCpXvfQ4KLAlCOERZRm,New Men,2016-11-07
6Vi2CohoQDv5sDyjE7mpqY,"W PROJECT Joo Chan, So Yoon Digital Single [No one like you]",2017-01-20
2P48xP9nTAIJrd0jwDUusc,One Strange Night,2016-09-19
5qiSLZrMfLUQEwGy73Ag8a,Yongpalyi (SBS Drama Series) OST (용팔이 (SBS 수목드라마) OST),2015-09-30
3E90rDB0UsRE4tzBeaPqwW,Born TO Beat,2012-01-01
6iH2qeK61wWb34IGZfuy60,EMPATHY,2016-10-13
5pcvUvnnXKju9j9qR5b7HK,W OST Part.2,2016-08-04
4w85fYkMq8t2Yk7OgzshYt,Cunning single lady OST,2014-04-16
6O4EixqImEZRPjS96H5ppp,Guardian (Original Television Soundtrack) Part 6,2016-12-25
2TVIqlIJWQiybxTfnqdcM8,커튼 Curtain,2017-02-03
3KLWX1HpwBcOEXgLkJfhJt,Sailing,2015-11-02
680xGIfuVXMyY3fxb0kII9,CART OST,2014-11-03
5YTid0Ew5Mvlq08gE6ehqc,Guardian (Original Television Soundtrack) Part 8,2017-01-01
1ZmyYWjM5tSdtA48LFf6tX,Here I am - The 1st Mini Album,2016-04-19
6xQMgwfYHrtJIYdqORCG1d,"MYSTIC BALLAD, Pt. 2",2013-03-18
7FapH4ThxhFnwohoMGs4dR,WARNING,2018-09-12
74VP5VvY2CISEqfEkH9Wuc,CRYSTYLE,2017-01-17
1dH4B2bWb5Ys7aszi9KWHA,"BLACKPINK ARENA TOUR 2018 ""SPECIAL FINAL IN KYOCERA DOME OSAKA""",2019-03-13
3Bi7hl11zYHpw6uE6gAtSs,BDZ,2018-09-12
5daUbxpeArCAUOJnHI7JIH,I am NOT,2018-03-26
3Rc577WJ2uXFED2Imt1177,GOOD BOY,2014-11-21
2UnsLU2Qtc7RfajHVEw9yg,COUP D'ETAT (Korean Version),2013-09-05
2vkaB3rUSU7S59iqy2pbj4,Mixtape,2018-01-08
7xp8NlqiWjtSJ8oFvyShB2,"O!RUL8,2?",2013-09-11
5DIb84mvBHZnYFpIsdt2tL,Skool Luv Affair,2014-02-12
66J1OXSaS3hBZASOV3el8t,FACE YOURSELF,2018-04-04
5ZZi6WiDmPcTkx2Vx7n61Z,Awaken,2019-04-17
