song_id,artist
5QiiYSr4pJMPOESQznu2IC,1slszTGbkp1uNnI6G5uD0X
3omvXShuRPM3zbDpWYqf5g,7n2Ycct7Beij7Dj7meI4X0
6tCssnvTUREcperDOUTqvA,2KC9Qb60EaY0kW4eH68vr3
2f4o2u8yAANvg3hQ8BNm4Q,5Kdp1Iq26eCz7XbPxOgt7F
0pYacDCZuRhcrwGUA5nTBe,3HqSLMAZ3g3d5poNaI7GOU
6kKC35sKUh2FUx4M0qAL44,4ufh0WuMZh6y4Dmdnklvdl
0H4ugk6rhnXmTl47ayy9O5,5RmQ8k4l3HZ8JoPb4mNsML
0vFKaaqXkeaaC2iGtKRGyt,2PSJ6YriU7JsFucxACpU7Y
2qI0Uchpdc2RkzuhbRnnZ8,0ghlgldX5Dd6720Q3qFyQB
3CYH422oy1cZNoo0GTG1TK,1z4g3DjTBBZKhvAroFlhOM
2ljLbFotsy2hFxAkjpsfbb,2uWcrwgWmZcQc3IPBs3tfU
0O22hXRIdbyrnMQk7VldC9,7f4ignuCJhLXfZ9giKT7rH
59lh6XYTsfhoXXTNU8TUrz,4TnGh5PKbSjpYqpIdlW5nz
3As0OA5B06BxLfADvYyG8L,2PSJ6YriU7JsFucxACpU7Y
3CyCjgTHFzqucmECajq8QA,3ZZzT0naD25RhY2uZvIKkJ
2DmRXiyn03tOqKgEJXlaiJ,2AfmfGFbe0A0WsTYm0SDTx
4s0dJmVknlUl7V6oK3puzZ,5TnQc2N1iKlFjYD7CPGvFc
5joNJn9LUvYcamWwa2iYCL,2019zR22qK2RBvCqtudBaI
0EMD15EVNwDlgGH2CH6ZEL,1gBUSTR3TyDdTVFIaQnc02
2UBobeH9pS8Hm7v60MqTlA,0tBYMeHDDJCzRuREuCTWi7
1pmfd0ohjfh1qXPWvjaC1o,6nfDaffa50mKtEOwR8g4df
1Rk53ni9MhBXiksSSaKN7Y,4k5fFEYgkWYrYvtOK3zVBl
3IB5qOeMayvpOdHxYCL5tZ,3Nrfpe0tUJi4K4DXYWgMUX
1iIhGHzzrzqQfuNkFI2qAn,4XpUIb8uuNlIWVKmgKZXC0
5F6RrFgt1yvRhNCdAEumM6,5cYcI546S8Lf97m4mNdYLD
5c1XGYFuC16Z7FIvWu6S0j,3Nrfpe0tUJi4K4DXYWgMUX
24NuEDgyRIljwSyY0lsr7b,3Nrfpe0tUJi4K4DXYWgMUX
71vPAjlG1x606483GTJNhY,5r1tUTxVSgvBHnoDuDODPH
459mRPsscVLMvVL59gr7EM,3qNVuliS40BLgXGxhdBdqu
3IdPtyJHB1WVPM4eCiCAKM,68KmkJeZGfwe1OUaivBa2L
7huWBxXBSizb0tftJRbJed,2JhAlkmukNvarUpGhTFXUQ
2XD5I0ZeUVwM4LFSEKmKst,5DuzBeOgFwViFcv00Q5PFb
1QRgdZiZAj2EfRMLBVu9af,5qRSs6mvI17zrkJpOHkCoM
3vPHCKu5UhbGLe9rs8dBGr,5V1qsQHdXNm4ZEZHWvFnqQ
7w3pIUjz7BTTqj9uAws40m,52zMTJCKluDlFwMQWmccY7
00S4PrcWUb3f3dQ9PuC0uy,5vGoWnZO65NBgiZYBmi3iW
3zhb2FclGaz3NKovP79Kwk,6FkhUhUwSPl3mGB6mmE8wn
5KqOPtE8nhYtgcXzrIt6N0,3CVYSpM7nfHFG5qCTW7Ht9
40ZLOoPhvn8HkMBBJRP1kq,5DuzBeOgFwViFcv00Q5PFb
3diZHzXj5LNxztVwBjnebn,2dIgFjalVxs4ThymZ67YCE
7iQTGSIl9m4jofHBGby9kZ,6gzXCdfYfFe5XKhPKkYqxV
6HavrP0eerKhssA8CcG0pi,59dDRtMe8DILtibke8FWLK
7AJ2rEaM0kYulj33j7xemp,01APAUkFb3XB5exrmi8tkQ
5eOb7OPhOkN0gUicVIcOCH,5j4ZfrjfKJhMBbDgTFxIwB
3ZWCWArPYr1v0iF763oSOz,0qlWcS66ohOIi0M8JZwPft
6mSThPrnX93XDEKiM8vAlb,4pz4uzOMpJQyV8UTsDy4H8
7iooxPmnLY6wZynSplHUah,4WnO2VmlwdTX77ANsThWLQ
5IahLTZCuGKj1Iz2Q0Zwuv,6DNTezBmjBm68oYPCENCcA
4pvP5Pxkp9uY6MJOyNQfQl,0hT0UrjmzkLJouAT52ck6j
06DB7k5qalMjeVomuXbkWK,7FiAkNWMb6ZBYI8tbQLuIS
0yFq4GHDqLfeceyAs63B3W,7f4ignuCJhLXfZ9giKT7rH
2XIaetAZTyR7oQfHh8DZ2B,250b0Wlc5Vk0CoUsaCY84M
0yB4jrSwN0bFtFRDR5vyMj,3cjEqqelV9zb4BYE3qDQ4O
6G7DuXoSGeAf6BZivJdEjF,2KC9Qb60EaY0kW4eH68vr3
7Bd6h5KwA4ASCXCSoWIS3i,6XXKPxRX2WWPPtfodzpc2v
4xjVP2Vogo0C72o6Nevq0W,1z4g3DjTBBZKhvAroFlhOM
7b8YOVV5quZcSKEijDgyWB,41MozSoPIsD1dJM0CLPjZF
4EjUFjzi4ErWjklOA3Aslu,3cjEqqelV9zb4BYE3qDQ4O
5GKwq4sO5ZHKuWaDmdwMQc,1z4g3DjTBBZKhvAroFlhOM
42tFTth2jcF7iSo0RBjfJF,1z4g3DjTBBZKhvAroFlhOM
4D5Ode2OfZMxIwQyvmhUe8,1foL9hLC9M6U94dINtOYfb
4as4XEOR03oGm1STUKl6pa,3HqSLMAZ3g3d5poNaI7GOU
5EzitieoPnjyKHAq0gfRMa,3cjEqqelV9zb4BYE3qDQ4O
5MwfxCtqMFGYp9Nc1BkTrS,2QM5S4yO6xHgnNvF0nbZZq
7puC9LjNg0ItpjTz28yeaY,1z4g3DjTBBZKhvAroFlhOM
64iDjAuWDogVhuoWhKklF9,1z4g3DjTBBZKhvAroFlhOM
2ujA6F1cpk3m8lsPE5aKua,3cjEqqelV9zb4BYE3qDQ4O
1EYSS9Lp7a9f20C3FaOVgI,48eO052eSDcn8aTxiv6QaG
4kmp56RAtXEzHOANS0BaLX,3Lz3vEN23Fw0hIelrYEzUD
405SQUJdQut02dxtuQ0CZ3,0Sadg1vgvaPqGTOjxu0N6c
3y7ByLZ05tluscOTRgEJ9Y,3HqSLMAZ3g3d5poNaI7GOU
2YkjXEab4USTV9uuAgC90E,3wRA5UYoo08BBKJnzyKkpF
4Lgd631IfDKMLPu6t7L0Tj,1eTft3tXynrKdo6XD7QHLL
20bWnhRylVPnTpfsuIzorG,3Lz3vEN23Fw0hIelrYEzUD
0eilxZjVwGfcgzzDEbcFJP,6jV25rzTKQ2zMgrqHha1V5
6oDX7N6VnXSyLdyGsDP5jV,3qNVuliS40BLgXGxhdBdqu
5sbw4ElXcAwiQmMP6EEQlT,6XXKPxRX2WWPPtfodzpc2v
5w4Zj0DHPKTJ8K8VL9yUjv,3Lz3vEN23Fw0hIelrYEzUD
3NxuezMdSLgt4OwHzBoUhL,72nLe76yBFSlP6VBzME358
4eiPbjcTEJDQcsv7WV0vfD,3qNVuliS40BLgXGxhdBdqu
6u2lCxHSfDki4rhl9pkI0C,3Lz3vEN23Fw0hIelrYEzUD
6CdUgvL597jWmW4w8P5kHs,3qNVuliS40BLgXGxhdBdqu
2Y30bIpXCtfKr1lQJXPtao,2lkCfFklQDBPlQzS4tR3VP
1Lwlf3fK9dMPZtr8G4Ck0Q,5uM1Et50auro2hTS6ZLcmT
2djh15mRHejqATZ8QaN4vZ,1htfe3DR9bbdOq0NeCIE2W
1FNZOGu1D1Sxs3Sc8OcRWN,3cjEqqelV9zb4BYE3qDQ4O
1HYzRuWjmS9LXCkdVHi25K,6jV25rzTKQ2zMgrqHha1V5
7zosXagdBaf6YKxQzqYkIB,1foL9hLC9M6U94dINtOYfb
1pz24zu5H9A0S1a2NKT4F0,4XpUIb8uuNlIWVKmgKZXC0
7vg6BjvS17IsNmDEs9WhGz,3wRA5UYoo08BBKJnzyKkpF
59FBFyeST1vqN8G41YgFS6,2wTLheTmMcFCA4hdY8hZJP
1CkTEh21SLHbiAj2qy8wc1,5Q0U6ogBrMX2oxmxy5OTzU
4ZU4jeteTyVZOPDVwNy0WS,6XXKPxRX2WWPPtfodzpc2v
36r4cTfmjVo5JYqNBIcjk6,1R52cwGf75yTf7I3Q0Irf8
1GThn1G6EoM3ZQbcsAlBTE,6udveWUgX4vu75FF0DTrXV
3M0qHiwpoXUMffAS1CBB6M,6udveWUgX4vu75FF0DTrXV
0g1AmSKokPboFrxmG1dxKx,31oLAWK0QuX1XLh6FmlTye
7JD3gqq0DA5l9xUmVCpJWu,2dd5mrQZvg6SmahdgVKDzh
5HiSc2ZCGn8L3cH3qSwzBT,1z4g3DjTBBZKhvAroFlhOM
4hRA2rCPaCOpoEIq5qXaBz,0hT0UrjmzkLJouAT52ck6j
7nKQ5WAcjnG48knyLuo8gO,1z4g3DjTBBZKhvAroFlhOM
53YZi9zgTnF0Py0K6ejyWz,3cjEqqelV9zb4BYE3qDQ4O
49HmLcTG7tsqz32TF3rnCC,4ufh0WuMZh6y4Dmdnklvdl
1Zyd6zQnC6XIIzmg3hP7Ot,41MozSoPIsD1dJM0CLPjZF
5NSPsOGVNWYOMeeyZPF7HY,6wPBIyIIMxoqgux29bGF8I
3JaMGQXJmtbAhvgl0nBPPN,0Sadg1vgvaPqGTOjxu0N6c
381g0b6QZxC13SzA2HRMIc,1z4g3DjTBBZKhvAroFlhOM
1UwERmn5UogyCz6qo21BmA,0Sadg1vgvaPqGTOjxu0N6c
3kQX7VBJDL0ffqcCn7YDQ1,1z4g3DjTBBZKhvAroFlhOM
6Rx0ORYPP3GH9rTvGS5Vy8,3cjEqqelV9zb4BYE3qDQ4O
1Bjy9ZtwMle3uhVgoBgiGN,0Sadg1vgvaPqGTOjxu0N6c
26vOBLHS116a4WNUVlvAUW,1gBUSTR3TyDdTVFIaQnc02
53LEFZFqPLoN0tWwaTk17C,3Lz3vEN23Fw0hIelrYEzUD
5hHlmrSV6d9LFMsDA1lamE,7f4ignuCJhLXfZ9giKT7rH
23dl021k6ZO3afFgS6TLr7,6wPBIyIIMxoqgux29bGF8I
1IgRQvTqj7BKjNWRzjFEE0,3qNVuliS40BLgXGxhdBdqu
5SucfiC9DNK9l4PUY6tqqe,5WUom9mTTEewPdUmI4qnQi
4fAvxYyU2u4fAJ0dmUsKfw,2dd5mrQZvg6SmahdgVKDzh
0uak6K95JcYexDgqHmh5cc,0Sadg1vgvaPqGTOjxu0N6c
6ukWoX4AHV76JdYVdKRPk8,3cjEqqelV9zb4BYE3qDQ4O
6F07dfBaUEcylJdL3gky7y,3cjEqqelV9zb4BYE3qDQ4O
6XP9L7di5JnOc9WaeAW8oe,1z4g3DjTBBZKhvAroFlhOM
0FleCid5zJl78Gc4NSpg3s,0Sadg1vgvaPqGTOjxu0N6c
1OCheuNSzM6kBF1d6yWaeh,3Lz3vEN23Fw0hIelrYEzUD
4oshAVovZxjAWT8TRhRdNC,3Lz3vEN23Fw0hIelrYEzUD
0XMORQgKnVYNvqYZNfBqAA,3Lz3vEN23Fw0hIelrYEzUD
78HD9IN4cKE1MMHWeVJPWh,1z4g3DjTBBZKhvAroFlhOM
7sEwz6PjhQ1bbSSWb6IBid,1z4g3DjTBBZKhvAroFlhOM
2zSwsJyjrP0G8wUm0eiSuw,6nfDaffa50mKtEOwR8g4df
5SQOKggEVdhJGqD1ExFDCi,3wRA5UYoo08BBKJnzyKkpF
7qXYpfS8eNxAtstCKbSpkL,7AKHnZVqwXYuUwWJ8UGL5q
5ofdbHMgqZGW4KDaLqjSmT,3cjEqqelV9zb4BYE3qDQ4O
69xdFGM7SJkbDf77s0gJEl,1z4g3DjTBBZKhvAroFlhOM
2XtWS6tnabJHYLhfsNfI0p,0Sadg1vgvaPqGTOjxu0N6c
0M98PvIvx7vZ8LDpzMw1hB,41MozSoPIsD1dJM0CLPjZF
7ibZWzytUh41z5ycK2I5N8,41MozSoPIsD1dJM0CLPjZF
7jr3iPu4O4bTCVwLMbdU2i,6M2wZ9GZgrQXHCFfjv46we
3sgrwjWNJy753U30irIdEN,41MozSoPIsD1dJM0CLPjZF
5NVepWpDaeBanGNJonzdVh,4o7tWrzQOqarDtTMWD2HV9
5yGTiC0ypN09P4Nl6tE3FY,1z4g3DjTBBZKhvAroFlhOM
5K8cgjL8hGTXpi5Z6uJFwe,1z4g3DjTBBZKhvAroFlhOM
7x5shgmSrMeIfeGIVzspPK,1z4g3DjTBBZKhvAroFlhOM
6u78votmpGuKAE4BOeJtRC,1z4g3DjTBBZKhvAroFlhOM
7AetvQATDEQxoFDsH2gRnr,1z4g3DjTBBZKhvAroFlhOM
7zFBtYAVURF3bUVqEQ6UUu,2KC9Qb60EaY0kW4eH68vr3
7Afts5sVYt9oeQZNjrIojK,0Sadg1vgvaPqGTOjxu0N6c
0QIRm9sUkGnezGznkWCqCo,4Kxlr1PRlDKEB0ekOCyHgX
3yHQKddM8SVCRnuPSo3HPN,41MozSoPIsD1dJM0CLPjZF
6lM6yIDZ7kxFsgQCCfaLE2,3cjEqqelV9zb4BYE3qDQ4O
7e7VjLxO5xJINHvnRytrqi,41MozSoPIsD1dJM0CLPjZF
7HWmJ1wBecOAMNGjC6SmKE,41MozSoPIsD1dJM0CLPjZF
0jFHMDRXxKaREor3hBEEST,6MoXcK2GyGg7FIyxPU5yW6
63obpKLYuY1q2QP7Cbf29a,3cjEqqelV9zb4BYE3qDQ4O
3NkkcnnKrNHv4AiGaPdD76,2CvaqAMMsX576VBehaJ0Wx
2JTjDYA0vfx8sp5XMTbeqU,6QyO41KctzGc70mVaVnXQO
6BKOhvRPY54uvfqWwg7MKi,1xs6WFotNQSXweo0GXrS0O
6oE1dVmtTagzTRlxDXhX8t,5qRSs6mvI17zrkJpOHkCoM
5jNuiCt5KUR808pHv7JRnN,6cdC1cwqh3eJAXaxXJt2jv
63SRW26EEF9RF6GgeUgJqx,4TnGh5PKbSjpYqpIdlW5nz
3nXUfNbkv8ikaSdHwEp0oY,1xs6WFotNQSXweo0GXrS0O
5C2d3tz8WACjmw7T6TthQ2,3UwlejyX2b458azZ7eCnHb
1dxMG5Rk8lE9kjMI6okEzb,6nfDaffa50mKtEOwR8g4df
0fAFOeAxAL5K8rZlLUMXQH,2CvaqAMMsX576VBehaJ0Wx
1BSncOsSJPQkpl29QM0ipj,4TnGh5PKbSjpYqpIdlW5nz
0slrpwbibfQNxpjqmgtkUh,6VJXRJvRRyLv99RZbXJ8RO
3utoyXrzB3d8ahf4tqazTs,4TnGh5PKbSjpYqpIdlW5nz
43Y6XibvJzLJj3GyVQaEFJ,5DuzBeOgFwViFcv00Q5PFb
0cCm1PbOd6nqAPDdA3PRfs,6gzXCdfYfFe5XKhPKkYqxV
5JwuXvMV8f7ftQczIPCzmm,6nfDaffa50mKtEOwR8g4df
6D7PMEnCmHMC5WJb2HOGc3,6nfDaffa50mKtEOwR8g4df
6NyPIDsbl4hEm9tFKcKzsU,6nfDaffa50mKtEOwR8g4df
0ygy8bNjL9pk58nHibd3Bz,6nfDaffa50mKtEOwR8g4df
7Cd4glTUgV0vr0DBncEg8S,6nfDaffa50mKtEOwR8g4df
45uJULGOd9HoZi2aPySiwn,2dIgFjalVxs4ThymZ67YCE
7vs4RrAcoc1VzY0dKUsKF0,0gdWU9IX6LIiuPvXh95pas
7uzib3dSSwgUwcD3z0k3bR,4Kxlr1PRlDKEB0ekOCyHgX
1cgBWgoL6520lR2QZDzdGN,13rF01aOogvnkuQXOlgTW8
2VVqxQhALecXvaArlZSVXr,6gzXCdfYfFe5XKhPKkYqxV
4g73tmQQc6pSfe4NMXKrZD,6QyO41KctzGc70mVaVnXQO
2ezKXygNO30pXyDQXkm6oD,2AfmfGFbe0A0WsTYm0SDTx
3VC1IEz9M1txlMSx3h3tPM,2JhAlkmukNvarUpGhTFXUQ
5kFakScPV7ZWXStUSvQmxA,3UwlejyX2b458azZ7eCnHb
7nkp1uuSbKkoxMvEs8cSw0,1wKpMkucynaTfG8lyPprYV
4MSiPP89oZupNNq2CvjEeR,2JhAlkmukNvarUpGhTFXUQ
6qAzAmPBUpGrk7XADZHR5k,5qRSs6mvI17zrkJpOHkCoM
5gA9Xn8oPts2aewPgxVkPD,6MoXcK2GyGg7FIyxPU5yW6
4b1sQpvL7QVgamRZ74F1oA,2JhAlkmukNvarUpGhTFXUQ
6DIW7GJbuGZdHolRcPWprP,2PSJ6YriU7JsFucxACpU7Y
3L6OalQDbdCS0Tg1kFccYn,2PSJ6YriU7JsFucxACpU7Y
3dTFof43vcpQKx6Z3iTsOj,2hRQKC0gqlZGPrmUKbcchR
04LMZmQh5Le3F7OwLwHDEM,54gWVQFHf8IIqbjxAoOarN
1EDYaBb4axYaE3wIKvcSfw,4pz4uzOMpJQyV8UTsDy4H8
1ZgfAxHQCXLt8o1VXEHHAt,2JhAlkmukNvarUpGhTFXUQ
46E1ic6n099e76t5J1TbHn,2hRQKC0gqlZGPrmUKbcchR
2lRTj9f2mXMmtlLw2YjSYI,6nVMMEywS5Y4tsHPKx1nIo
02UNF1uo5f0UNgc1qx5XGt,5DuzBeOgFwViFcv00Q5PFb
3t1HegTbjLFXUaNAElhR7T,1xs6WFotNQSXweo0GXrS0O
2naEVOadudtXHwtZNfjMDM,41MozSoPIsD1dJM0CLPjZF
3AyLh4R4D3fQfyqCsTdFf3,41MozSoPIsD1dJM0CLPjZF
2r5oD7twaQTsv5KoRS6v16,41MozSoPIsD1dJM0CLPjZF
0JQPxSYL6alc9UvsPvBoFA,2CvaqAMMsX576VBehaJ0Wx
5MaDeMdqsPsZTxNWdEZPVH,0XATRDCYuuGhk0oE7C0o5G
6sOBI67H8F3S1cNS6CM5p7,4zTNiArZgV1SKWATSFshVI
3u34tP62fx4FI4IbqmgiGe,7f4ignuCJhLXfZ9giKT7rH
21jActlsyXzkKDkN3LK6G7,78sJswwVn4P8aEhkF4K6fQ
1E8nyp18bEsa3Nth2qRykg,0CmvFWTX9zmMNCUi6fHtAx
2jg9vxcPjccTj4lIrZDVe3,5LWkv2hDbDwZL3zNwZYNPx
3F1mueW8iouZUgjmawhVhe,3HJVw8aEtFqoc3raJVE8am
0JLwnHfY34IEBmQW6Vjtlu,3offPqpKAKmpQkIdWnjzkc
42rziXmwGA04hNSMi2MliA,5DuzBeOgFwViFcv00Q5PFb
4Is1b37KJY9XVCgzp81FBW,5RR0MLwcjc87wjSw2JYdwx
5Z4aqpT39KpY8gbHoJWdou,0XATRDCYuuGhk0oE7C0o5G
7cClboiuRMxtqsoW0jRBy8,64k5e9kV9MdukXjFrR5R37
7Lq1Z8VIW7oE7m34kksHYp,1klFdLh3pak3eOtJP0styY
5G8YqJQ6oyPkxBSjpkCVRy,1klFdLh3pak3eOtJP0styY
5WitNasXEIRptoLIQUcXMx,0XATRDCYuuGhk0oE7C0o5G
3yL1v1JtX8k8zLOUoqGvq9,0XATRDCYuuGhk0oE7C0o5G
4x5l1gjNcoBhhWBPEMo7OQ,2PSJ6YriU7JsFucxACpU7Y
1uszVo0bVPALn32ix2kJ9e,5TnQc2N1iKlFjYD7CPGvFc
481yYUbtfs67PaKYKxJOeF,78sJswwVn4P8aEhkF4K6fQ
26EM9sZnQkLLQxixGd88KE,1l0mKo96Jh9HVYONcRl3Yp
0rZtdLa27w0q2GJkLBX5SA,1l0mKo96Jh9HVYONcRl3Yp
2PsuktMveOXllYMbAy5dEj,0tzSBCPJZmHTdOA3ZV2mN3
3OLkecLbqxFwIyjTWQXtvt,41MozSoPIsD1dJM0CLPjZF
4yJ6CHGtEjUnMsZ4IMqReH,6MoXcK2GyGg7FIyxPU5yW6
3sygLAUhHsJsQ0cBk6fxRd,6QyO41KctzGc70mVaVnXQO
7gr57cYekMWriyJYbT7oZ4,2AfmfGFbe0A0WsTYm0SDTx
2EK48RuuE8HHMDzD2rEDqL,6MoXcK2GyGg7FIyxPU5yW6
2bAAj29XGc4h1G4oEGYCmg,7n2Ycct7Beij7Dj7meI4X0
4Cuh5uqjIgUw4GRxqABUxh,5r1tUTxVSgvBHnoDuDODPH
24nK8tW7Pt3Inh2utttuoG,0XATRDCYuuGhk0oE7C0o5G
42zMiF3EFBg5CsYbgKdhj1,6hhqsQZhtp9hfaZhSd0VSD
4TArUx34wOehwpnbXlKBQY,2AfmfGFbe0A0WsTYm0SDTx
2iYnEfKsAsE86Yb9mS4b3E,1z4g3DjTBBZKhvAroFlhOM
0u7aRGM7YmvtsmG5NSrNsO,7n2Ycct7Beij7Dj7meI4X0
5qSoW3ewNlhRN3FNZPmVns,1z4g3DjTBBZKhvAroFlhOM
5uHl2eYaITSX6xEX8bmaXy,3ZZzT0naD25RhY2uZvIKkJ
0QQe9wGk7aZFa5gOAwAJ0w,2019zR22qK2RBvCqtudBaI
2gLAfzOB7angHctZ0IQAtu,5LWkv2hDbDwZL3zNwZYNPx
5KrvZAR95aP5Otmsiwp9pC,54gWVQFHf8IIqbjxAoOarN
1OBb2wZMXKNmtdyyejLIyL,2AfmfGFbe0A0WsTYm0SDTx
3lSM3Wn3RJbzAAHzJ3sX1f,2uWcrwgWmZcQc3IPBs3tfU
6H6pp6uVW33kAm6qSBnysf,1z4g3DjTBBZKhvAroFlhOM
0GUbhhI5fRx7BlqlqlhjuB,1z4g3DjTBBZKhvAroFlhOM
06Pvy98db25O7wlfFFFIRM,3ZZzT0naD25RhY2uZvIKkJ
60zxdAqWtdDu0vYsbXViA7,7n2Ycct7Beij7Dj7meI4X0
0ahbzg4GCq3wJzUM3cjS3N,5r1tUTxVSgvBHnoDuDODPH
0q6boCcLaWYPIy2vOsksFg,2AfmfGFbe0A0WsTYm0SDTx
0yKtEkiVN8rPDWbtn6HvDd,5r1tUTxVSgvBHnoDuDODPH
696Y3Jx3k4Rjsw8gm2q4l4,0X2BH1fck6amBIoJhDVmmJ
6MN6oiT2d7qxYEOwXwgV34,41MozSoPIsD1dJM0CLPjZF
1S6zXoXhfalX2ETKo337Md,7n2Ycct7Beij7Dj7meI4X0
3tZW5YjlbdmRMLN5MxTJQV,5fI4xffqGRGQvICSlJreMF
6ioP0snRYjhfWKNMMLKOde,6QyO41KctzGc70mVaVnXQO
5unCIQfJLMtcsiU6MP5zmB,5RR0MLwcjc87wjSw2JYdwx
5sbooPcNgIE22DwO0VNGUJ,4gOc8TsQed9eqnqJct2c5v
0cZMA3EdKJKrKoGQEeMhFJ,1z4g3DjTBBZKhvAroFlhOM
6j0Tx08IyCOE4F1Bdhw6YW,7n2Ycct7Beij7Dj7meI4X0
1fRaznZsAB2i63TtmYv2Hc,5r1tUTxVSgvBHnoDuDODPH
2qwyjoSsSr3M7HTt611Q5O,0XATRDCYuuGhk0oE7C0o5G
7n2HVHWqFsyAOs5HqmE1Dl,1xs6WFotNQSXweo0GXrS0O
0W9HGC75wwxU4YweY045ln,1z4g3DjTBBZKhvAroFlhOM
4fxyRM3Xd0w47grKzxVMth,5LWkv2hDbDwZL3zNwZYNPx
6FoI3qwCRq0el1RYKeVGSx,24nUVBIlCGi4twz4nYxJum
1kd5KmgB0NGiokb0YOoaSZ,5LWkv2hDbDwZL3zNwZYNPx
5XTQXTzEVpYq8wL6DZYgSz,1z4g3DjTBBZKhvAroFlhOM
5ilOXZ0vqTX69rjRubPivH,7n2Ycct7Beij7Dj7meI4X0
15d5c0GXb3p77EwHiXuU3s,24nUVBIlCGi4twz4nYxJum
7dafpAJczCDB1Pzz7bRSCh,1z4g3DjTBBZKhvAroFlhOM
7IE8eERSpTC9Jaw3arl99B,0qlWcS66ohOIi0M8JZwPft
5m95gCTAiHshTaajznt5fA,7n2Ycct7Beij7Dj7meI4X0
3BPoSr2pO34Aan6alFfVto,5RR0MLwcjc87wjSw2JYdwx
4Eb5cLWxKQUoUQaKUYSRgI,7n2Ycct7Beij7Dj7meI4X0
6gxF4ibm6S95UUC6vyIiln,7n2Ycct7Beij7Dj7meI4X0
00Jrzl6fENQd3XEWGDtowy,54gWVQFHf8IIqbjxAoOarN
1HUEukw6Ay91kts13Kh2qb,54gWVQFHf8IIqbjxAoOarN
68yUIRmUq0cZN19DnbgKSX,2AfmfGFbe0A0WsTYm0SDTx
7b1CIwvhDkPkLX1QTgvzqG,54gWVQFHf8IIqbjxAoOarN
5vMw4PxrWKxkCszIVq4Jwq,6QyO41KctzGc70mVaVnXQO
5xptVEzEqCXv0oIJmyDYOJ,2AfmfGFbe0A0WsTYm0SDTx
6YkTM8MJIqoXlAfBbEAydl,5LWkv2hDbDwZL3zNwZYNPx
7LJjWqhqK594nN7qJzLVXE,41MozSoPIsD1dJM0CLPjZF
1yXJ8tsOEXXEVWhYKVf191,2019zR22qK2RBvCqtudBaI
48Nd8rdc0WVG4rHTd76Mh6,1z4g3DjTBBZKhvAroFlhOM
1xwnvVY9gHdo69PuGQkG1U,0qlWcS66ohOIi0M8JZwPft
5NLvAQfVgE9AYJGI9DNEFh,5LWkv2hDbDwZL3zNwZYNPx
4agr2R3yG1uZH1NcnETXRA,1z4g3DjTBBZKhvAroFlhOM
52KDuuk3cOAGXY3UNvkvOO,5LWkv2hDbDwZL3zNwZYNPx
7pQ8shU540C3cEykekbVzd,0qlWcS66ohOIi0M8JZwPft
2xQDQkfWWFxx46y7ug6D6p,0XATRDCYuuGhk0oE7C0o5G
69Vuy9hYHECfFJY1052YFy,2019zR22qK2RBvCqtudBaI
0DNTNFa6zMDfjqpQFdcb3q,3g34PW5oNmDBxMVUTzx2XK
2boKBpIpFaMHbNpMGRSzkI,5LWkv2hDbDwZL3zNwZYNPx
7HzvvhTmfzvD1dV4F7MIcm,7n2Ycct7Beij7Dj7meI4X0
23a4qKSwqUK70S8GnXa0Js,7f4ignuCJhLXfZ9giKT7rH
7H1YffYl5eH6y5jqOpVeLT,5LpAX68lituNSGh7aJfsyr
1vH3GM0b9BqBCZ0ACVa7XA,0ghlgldX5Dd6720Q3qFyQB
2V3EEU8CFHq6qZqZp882V8,5dEBuZjTtE68uDgCs23Kuv
3mVzC9U8eyAmDNWnPniCIN,1Y3klzPXyHrinIk3tQ20Se
0FE52ZIyFWOJQt1Hj9zxhM,4pz4uzOMpJQyV8UTsDy4H8
7JvdSVJVa2OCaeBPFfgnfW,5TxoDjQBAZwKnuycBAmHZ3
3l8JuoE2LHb7hiFo7lKrkh,1gBUSTR3TyDdTVFIaQnc02
74vGOOJNRS7TbjbPngjD6w,0iQGSzpJ0G0lsugv8jsJHd
2QyuXBcV1LJ2rq01KhreMF,3Nrfpe0tUJi4K4DXYWgMUX
4Be93e6twHWrwOyEN5b2P4,738AtLtkMcNmQrk64Pxl7Q
5VhJDNXTeUsTZDwCxw4Nnc,5iKOmg1wFizVwajKeiyzvf
3eVaOnvfX0Ufu1rkwbC0WS,1fWUcRSok57yRm8gPKj1Fc
0grQK3W2AsUih8AbMWArtO,0vCyvInXqS7Y2NPLZ7Ybvw
1UThkKR8w3WnA6lWCRhOJn,6bWaRj4L4PyJ4uv2wN47Ny
1YIAFY8I9zXWCdrQBj2wkF,2DvzRlivZ3gnMF2Z8xhflM
7Etcft70udZGn6uy3PSPvo,0tzSBCPJZmHTdOA3ZV2mN3
5rqvgt4X1q8M6PYDQm7PCg,2dIgFjalVxs4ThymZ67YCE
1PNb8pRsZGa8XN1m5nJe70,5dEBuZjTtE68uDgCs23Kuv
1WwHt7pr5sOCLTbqp8ppIO,75HFBU7IxOt15gbgSM4IYV
7kO7LUUD62gJoL8CqywSiA,6gEWl778wJTkq4Uk5eBvgD
51LuixIygTrK4lsvjBx7sN,5DuzBeOgFwViFcv00Q5PFb
0KtYC988oRVR2vot9LiyXn,6ZZafCTzyk1yjqEES63cMm
5UX7u7znDeHnDa3iynEhcm,3CVYSpM7nfHFG5qCTW7Ht9
06rOypJlNqSmHXT3FymVp6,7n2Ycct7Beij7Dj7meI4X0
6WtBCTeMrTC9oKQ8dgSWcM,5V1qsQHdXNm4ZEZHWvFnqQ
65gzcr0GjgVInjECujSpPm,65SWpUO42tdFbEhdfj1ryf
2WVpI9Og8Z7p8CGQK9CNX3,4k5fFEYgkWYrYvtOK3zVBl
3aG0gbuvZ1VeVm68d4J6Yq,6QyO41KctzGc70mVaVnXQO
2J8Uio0CYRQ8shlUruFIbn,68pkG6Uj3mPO0QPc8kJeWb
1q3C6brbmRrULTyo2mseKF,6C4irZ60X8G7UimMRQiCcg
6LDkwYyeJQfr9vIhEsfCHa,5LHu1iF8m0XtRBEJbbwSoo
1F9FQp9dnnQWTkaK6Nzm1W,1gBUSTR3TyDdTVFIaQnc02
4dOrfL6qgxnjCMSmkekFhB,0XATRDCYuuGhk0oE7C0o5G
5ty8BBWfmoOs0URGOgqgOk,5fI4xffqGRGQvICSlJreMF
2aQuh8h6DArZ9bcPigj5nf,3riGN5iBVBk5naQxUDr5fk
5RbrJFF5KbEbITIWa0cZZQ,2YXlVLKq3X3soXd2aXUtIT
7JCi89HGiURxFpr6NITY7q,2PSJ6YriU7JsFucxACpU7Y
39kzUXQdjNAhbHH0rv3GiI,2lby3xhBmze7CuePq9nSxk
25RSPj2RfDuo3QGlT6xOE7,6dTCGU3ZXmHV6roc3mP7Q5
7b8ZfUQRsc5ebULhUgCyck,7LOmc7gyMVMOWF8qwEdn2X
5XDcGqKJ038edsTPs0ySt5,1ukccHTdm6Xjmag0QLNJBx
4c1WgUnHXq2LEncGHKgj1I,3Nrfpe0tUJi4K4DXYWgMUX
7oEm5Q1virEUB9H0XjWZzF,1gBUSTR3TyDdTVFIaQnc02
5el8nXpQRy6V1CTAY98VEJ,3offPqpKAKmpQkIdWnjzkc
3OnnEFB9kauV7O20nOCWpg,68KmkJeZGfwe1OUaivBa2L
5DG7DFtTUyTPyg5hTVtTtQ,3CVYSpM7nfHFG5qCTW7Ht9
7w3mCZJZbfXzNebD5vktMI,6QyO41KctzGc70mVaVnXQO
1ej66Z3M6DfmoZeJCSrOxN,78sJswwVn4P8aEhkF4K6fQ
0dSE54vYYvRNWzVTxE2xTL,1xs6WFotNQSXweo0GXrS0O
26x7ih7lOBFwYpXUHJUoqD,25KT93FeotUTHC1dbLasxi
25Bpg2ZCHbW86kThUJYI0b,1XypuZM0Sr5T2aIhnn2bfh
2RwHcRK2KfIAUGNq4Nlfv5,5LWkv2hDbDwZL3zNwZYNPx
4fAUUc8y2ZQcwKLGHidZsa,5dEBuZjTtE68uDgCs23Kuv
2Gql46sKPSMlr58XjalUd0,48BSHaU3lXnM3pYHyeqLXN
31aOEE3lh1VtTbdsyRf32u,4epPY1AW9lQeVUM1XaFiwi
1SBOS8XevwKgNTj13YE6he,2TYMXWSySlq8RgLAYd8MCg
7JPzFzJLrzmINVguyqtMay,2FLqlgckDKdmpBrvLAT5BM
5jJWV34duiWVCQwGSFo463,7n2Ycct7Beij7Dj7meI4X0
0xrX9ZarxssZpNBfcnyuPl,6ZZafCTzyk1yjqEES63cMm
2JpFYEPqR04QNVkKjQMnv9,1KJKSM6Z1NTqcEHgNoUSbe
6KUE0HSSudAp9AOycaF6SH,3Nrfpe0tUJi4K4DXYWgMUX
3VHrwffnUZFb7FidvPV3OA,41MozSoPIsD1dJM0CLPjZF
3eOrrreH5zbp4xpfiFqy2D,1wKpMkucynaTfG8lyPprYV
4WuKHgxdCJsaOBIh7yndty,2dIgFjalVxs4ThymZ67YCE
4m5AhuM3VelbtBYuEsGDh9,5Pcx98OUnL52aGZRRQx5v8
4uLmKWOb8hl49MYYAc4bnn,0dfMk1lwRlX5Zmg2KHjwjN
6E7jAJN2e3znSHyPCdQqx8,0XATRDCYuuGhk0oE7C0o5G
2v0e1CCZVJJ0g6R0l3JKRG,5fI4xffqGRGQvICSlJreMF
5jhYykolbcG1T9wZSyvhp5,52zMTJCKluDlFwMQWmccY7
6vHyPhg8fgclBiY8QN68wp,5V1qsQHdXNm4ZEZHWvFnqQ
6qyz1KOlGJsKYJ4ZsRmRSD,7bmYpVgQub656uNTu6qGNQ
1o8Q0vRXQu0EpXgt8oyHvh,4UeJgAodtmUXfxU1GoJUph
4gQoAKDYQbufqj2gygOeGK,13rF01aOogvnkuQXOlgTW8
1NNDZxgOZEdVht81Tm3k1E,14yLuCwlBqteUdBqx9soJV
66aRjw9DruRf9J40t1Wm9i,37ZY7eIcTT28id2jfq8WYw
0oNFVyzwK6TFdFHSsD1dmC,3CVYSpM7nfHFG5qCTW7Ht9
4v2BLMhWtVvBnZwuoiKxja,68KmkJeZGfwe1OUaivBa2L
4IcTZ4u56lvregznRG6tH1,3o0wQ9s18mlYobc9ZqOs8i
4clY5A2sGpM1F68aid5LVN,4fgfmrBHIWsUuHxeOPhv61
4SpQDJz1JiRT2mHxvyqN9K,2uWcrwgWmZcQc3IPBs3tfU
1ctCQClnX12FKi8pzFCspK,3OBkZ9NG8F0Fn4oNpg0yuU
33PStuI2gJCeZcYQIOHXAU,6hhqsQZhtp9hfaZhSd0VSD
1bc8AJGZcWin6rLbCpHXVq,5RR0MLwcjc87wjSw2JYdwx
39pKhfHJONQXFPCiduswZA,2FgZrgTMX6Sk0VNcOsEPmm
1B2RpehnyzlUtMbSuCumDe,0ziR2zN0NFcB4x1G3P8cW3
7LXW05QcQi9ri7ZBYqGhPJ,7f4ignuCJhLXfZ9giKT7rH
1s0omF56w0oAEZiWp1VNS7,5DIi2JWfQPTKffaVBlIYRn
5DQc3NBa9FQfvtnUyciXsd,4k2MyP64uZ78mvjKd1Ciq2
1boEZE7JfhFGU8ZhJOmoWF,6hrti7kBnnfAgy5Mq9wrQc
30iB3Vk6T4gAUfZ0OvmwxY,1iQfn1B8V25iQoolQakyAZ
6loyhEAW2QFgQnvorXzsXn,7qxo9RTWfEoFKN7XGtNV6V
4KL3FJYexPrPuMdPagHPXp,4YXNoMVTHRt01jYaKXTumJ
4F9qxQqmkFnBjIvrpiQ7jV,4k5fFEYgkWYrYvtOK3zVBl
1vfk4cnwq5IuGtkd4weoah,4pz4uzOMpJQyV8UTsDy4H8
4lpMmdpOCEc2LJVgTFny46,5qUAtC3NwSLYme4JqjlGfQ
5UDDTTQ5cUrH3FYubQ34Y9,5fI4xffqGRGQvICSlJreMF
6lp2MvqEBSdL3L84GAvl4o,4XDi67ZENZcbfKnvMnTYsI
6mqvyXHDVXUVwxKkvzEqNj,42xj5mBLvrFdW6tYns6mxs
5xGVzr3yVuXoGPWpcpN3NU,7lHJGLY9oGWjH6j05BLnt7
5PiIhJc4D1u4a6AHQU48kh,1Pr77yszl1ikj6k9sy4Cju
2puaMDKcQsJELzXol71uKF,4XpUIb8uuNlIWVKmgKZXC0
0wk4GYAryLcXEMvfhzU1bv,5zkf2Na8DKKJmtWX5Xrx3m
2VJpcZ7FnA1JAJaBYhY0ui,5x9WawpXGR82PWDFk9CKYQ
2FUmLfw3dxUDf00HxKh4GP,4jCGRzuZkwo8CxboiANMEU
74oybTkLyOrmt4qkS9rqXZ,3l9s67pOK4Stw9yW1wr0Bg
4hAM9owvhwZKnctEWvkDhF,5bho5EcZQVfGYfyH5rOJug
5GOxrv4CMwcxuqZbGQdZGI,5PS3ZZE5bBiZ3Ct9HiRG2B
3j69GdUcJVclilEjMJ90NF,5iwc2ZJnuU9g4F6JaAY6Zw
6MrCkIpadoQLARCgcHwpw7,0IuYz7cj1RlVuOPouG0g8Q
1Jv2bJOdIjq2MJbH8WvRA3,7lHJGLY9oGWjH6j05BLnt7
1iAnv4bgyRm7m4nL5hK98a,3a0xHIHQPhhzgSOJzgB2Rz
4R7w9EfMu20WHq1ZZ1kSlB,4D9foUQxTrsS0w2BeyCD16
0mVvkepe2sQUa0j8NWukaZ,4WnO2VmlwdTX77ANsThWLQ
24hNGqvzweP9OdPrzUYZmK,3C6yGCM7b8QAjs1fTrEguw
7AKAZxuCnOqkNFVsDxVzYn,2PSJ6YriU7JsFucxACpU7Y
5EqxbTYuoxO0Vogf29lLCW,2aCSYXdXqJNaXk99vjYnkQ
7JxGvCpgu60COzVsmavYv9,1fWUcRSok57yRm8gPKj1Fc
6JF07uIg19KDC5cUoMtT1H,7mFGOWJEkdlJBCXcJ5EWi9
7KrThgzyyulBjY9vEbqceh,6LPOT9C3gvGQHxlZtMLHHg
2dp0SokB0wxNlLcR0J547q,4FuRHFtCeoYaeeVDKyyvbS
32kEuBJyRSzfs1xmsW1hQD,5XrsbWgv35l6TUBYGaBP22
5ANbXf5qR48a4jfFnSq80w,41MozSoPIsD1dJM0CLPjZF
5FLuHcyUiAlq2wCoqVuqUa,2hRQKC0gqlZGPrmUKbcchR
72GKVds5vbK5o3XDVeCdDf,4Kxlr1PRlDKEB0ekOCyHgX
1hrZVbWwU6v4WAjOjv0xGo,0Sadg1vgvaPqGTOjxu0N6c
588FDdsa21w6tE6G1N0aSn,0ztjVBmFk6OuHq6XBBwMI9
7KlTFTpy7dXLzr2NtLkvG6,3Nrfpe0tUJi4K4DXYWgMUX
6fT9eZYgSvhu9v8wzrZkdG,2uWcrwgWmZcQc3IPBs3tfU
2oLLOxkJWJj9BbrsTc4Xql,1z4g3DjTBBZKhvAroFlhOM
3gA2OJK56lx5z7riHwq3HL,6cdC1cwqh3eJAXaxXJt2jv
14CecLwc30NDUMU5wqNVZk,6cdC1cwqh3eJAXaxXJt2jv
2OafHc3DmFE49MqNhQMi0z,13kJgvU22LHMsJtGWLmx7W
5fWKr5p15BTazjflJ6HX5j,2QHTtUsN6Q13w3QHdfRqsK
37jsbSR1kLHfNWOjwFnTlD,2QHTtUsN6Q13w3QHdfRqsK
4wAjmojVxc6Wbeca9XvnDo,2wTLheTmMcFCA4hdY8hZJP
5crARIrvoMiMf2AdlD78WN,2wTLheTmMcFCA4hdY8hZJP
1t88m8JUlqn9kf0FLmVta5,2wTLheTmMcFCA4hdY8hZJP
2GbF32jk2VyATjqFmUkpTR,0XATRDCYuuGhk0oE7C0o5G
0icGgAiUx5b0amQLycmGUr,0XATRDCYuuGhk0oE7C0o5G
5rIsrawNyPv1q8v11iwJsh,7nqOGRxlXj7N2JYbgNEjYH
1Rrj7KyS2R6SP9CQMDJW1w,7nqOGRxlXj7N2JYbgNEjYH
6WQgF1cUjobgryiqdPpEQE,2019zR22qK2RBvCqtudBaI
3LvD7wWPrcp8jqPSmaaVAc,0Sadg1vgvaPqGTOjxu0N6c
6QHScqygQdCvGowZCeGsC0,0Sadg1vgvaPqGTOjxu0N6c
3NAZROYk95nrDN7MSysgWI,3UwlejyX2b458azZ7eCnHb
2H7VKGvew4lHH75q5cGoLu,6gzXCdfYfFe5XKhPKkYqxV
4GyPhineXFbjP5nxRzLPeI,1rTwKjYcA7diHAD2c8ZozT
57fkSDAmCFqJfnXb8Q6r6t,3UwlejyX2b458azZ7eCnHb
26b32VMw5DcaCZhwMZzjep,7xDyxRXgFgOZhdtLtkYR1y
6n1iYH6HIbqf4lvMgwJYqj,0Sadg1vgvaPqGTOjxu0N6c
0B2jtiyGl54S2rSlrEh9Nf,6kxCoNfY6U1eP0Yc88phvk
0Zb4u1riI2E30ay5pVYAUW,3UwlejyX2b458azZ7eCnHb
2FQhL0Cwk69VDrsQEzN9Tn,3UwlejyX2b458azZ7eCnHb
0BTAWeXFNhgAYixu5YGtE8,3UwlejyX2b458azZ7eCnHb
4NlF11l8kYIMvdifn3TCmI,4TnGh5PKbSjpYqpIdlW5nz
70LZEb53nsMaarHxqaGevI,1bkpTEmumLC3xc7HgMsttU
16VnJqInZr3uXGIQXEN7jY,3offPqpKAKmpQkIdWnjzkc
1ubCnVgRDR9hxFCRz2bkq2,1R52cwGf75yTf7I3Q0Irf8
3iMZViXYWRXlQ00CTJcO6z,1R52cwGf75yTf7I3Q0Irf8
2Iv5T2jmhxxNpR67tN1dBY,1R52cwGf75yTf7I3Q0Irf8
5fDMmlWMmOYiSMsbUxbQbh,1R52cwGf75yTf7I3Q0Irf8
3C8jNNWMJcsQLZZV5R3yTi,7AKHnZVqwXYuUwWJ8UGL5q
34qbsFCHlFNQpD4BXKZ7eD,7AKHnZVqwXYuUwWJ8UGL5q
4c1cUu1PFDX1YB6JDvG8vf,1xs6WFotNQSXweo0GXrS0O
4Ux83SOG5vqnbohuijD2Zv,1xs6WFotNQSXweo0GXrS0O
2Gq8bwrWXzc1gW9g2EnHTh,54gWVQFHf8IIqbjxAoOarN
577ckDBuyYNGeqetUhbv7d,54gWVQFHf8IIqbjxAoOarN
3teZTZbM2VbtABTlvAa1nv,54gWVQFHf8IIqbjxAoOarN
6aU0ZgV3IYn2vW8KBtI0eN,54gWVQFHf8IIqbjxAoOarN
6Yj8kVuVR3UPxx9r5eFEoV,54gWVQFHf8IIqbjxAoOarN
6VJhf9l4ALDquID0bN51QQ,6RKnXXyprPjhBdCvL802Ku
20P63hWk0IbeVeJzJIponI,0Sadg1vgvaPqGTOjxu0N6c
0ULq4YEtDWHBOJTeoOR2jt,1rTwKjYcA7diHAD2c8ZozT
5A6rPUyEg5UKB4emxlBcsq,1l0mKo96Jh9HVYONcRl3Yp
5s6JTZxe3cVhHVRJhKeZSQ,4Kxlr1PRlDKEB0ekOCyHgX
6mH9WDJQyQsqyXORFl0vRT,4muJrGMndyYWqZtfk8OWy4
3YkDslZvvMixTwgDId0aYB,3HqSLMAZ3g3d5poNaI7GOU
07nOCdGwWBFSwSM6hXE0VY,4XDi67ZENZcbfKnvMnTYsI
3hfN1wQSiLPa6b1RX5Kfbj,41MozSoPIsD1dJM0CLPjZF
4jdiqVbH1eUwc4MzDV7GMu,3cjEqqelV9zb4BYE3qDQ4O
6xy9JYFKcpb9L62PRNnYW5,3cjEqqelV9zb4BYE3qDQ4O
3F76FuWseLvGkcgatzTD9q,3cjEqqelV9zb4BYE3qDQ4O
0RhbQOahoOBgBE7Qx4AoSy,1z4g3DjTBBZKhvAroFlhOM
5ubfQzhabDSLYyohz2ozaN,1z4g3DjTBBZKhvAroFlhOM
7AvXrOVEVRcfXxme2wo6Im,1z4g3DjTBBZKhvAroFlhOM
0GqvfTRhP8HUn16mQx5Hxi,1rTwKjYcA7diHAD2c8ZozT
2klCjJcucgGQysgH170npL,3wRA5UYoo08BBKJnzyKkpF
5Rei61HA8R3TR4b0kOEINA,30b9WulBM8sFuBo17nNq9c
1jbHCJ8EtvoKfMMYy3bAlN,7aZ221EQfonNG2lO9Hh192
1943Xa6bYdaFxsntl1wDeU,4QDcs3XrA8uHUZ7Xt9Ytep
6c1cQOxDKZhnfu19rclv6G,3qNVuliS40BLgXGxhdBdqu
34NIgK6YRK8xVSZ4eNOEQf,4uYK5iynjT7JgDTguKNeZe
35AkF1N9hX4LCfgSU4P8Xy,1htfe3DR9bbdOq0NeCIE2W
6y0J1inhF2oL9vy23bar3Z,13kJgvU22LHMsJtGWLmx7W
6eqX1nvFkgyumsATfnq6bo,3TW9U1f93tpGBsEtCSf7JG
2LdOm1BBfBbQjw9LrqmfuC,1loWI8jVk9btgJXHgqHXPD
0ybFrET5ifcGrjshkNsbz6,4Kxlr1PRlDKEB0ekOCyHgX
0hDFzmJGkj5HolDFeUk87X,4Kxlr1PRlDKEB0ekOCyHgX
5l4u7LfxvtBPIiV3ptriqs,6udveWUgX4vu75FF0DTrXV
3e90xWe4zk3p8fDlQJRgUK,5F47QnV4fjYwl0u5GaSDEx
60oyvXjv0nwZnRrwZvZqUm,1iQfn1B8V25iQoolQakyAZ
0sYbRzhGQC0NRTVvwe8n3H,6cdC1cwqh3eJAXaxXJt2jv
17gohmCYDlZSYxp41xqVQ8,0Sadg1vgvaPqGTOjxu0N6c
75ai0ibymmqyCyaxwZuhnu,4XpUIb8uuNlIWVKmgKZXC0
4Oqm4LXiG9MekVf3fnDyPR,13rF01aOogvnkuQXOlgTW8
4zPF7ERedaIZGDIxnE1KVH,6cdC1cwqh3eJAXaxXJt2jv
0NPLDl9guNgIYvYFEQoO4u,6cdC1cwqh3eJAXaxXJt2jv
2RKgRT8O8K3DXfsGfnbNWx,6cdC1cwqh3eJAXaxXJt2jv
6S5QQ4byCmcm7OcgG3vsyZ,0ztjVBmFk6OuHq6XBBwMI9
52m7jzmFhLVyyXeulftj5d,0ztjVBmFk6OuHq6XBBwMI9
6NB81kD2XDeTdNBksV0yxM,0bxSJJ7V2M4Zb9lpRzWPD8
74lBmZj5M42DjpGGzNtUt4,30b9WulBM8sFuBo17nNq9c
3h7WIL3B6nP3171zl6HWj8,3HqSLMAZ3g3d5poNaI7GOU
0W5hTAWn8Tq0Qfhg1XP3YW,7n2Ycct7Beij7Dj7meI4X0
5KfbFCacFuNJGdK2zvovcF,7n2Ycct7Beij7Dj7meI4X0
0GU5GuJQQEnnREO2FxnVPT,2KC9Qb60EaY0kW4eH68vr3
6oZee3RwM7GHykYHZeb7GT,2uWcrwgWmZcQc3IPBs3tfU
396Dkg9z5Q1hXxKryeP9T8,4cJ99wTjC60pXcfyISL9fa
2VmbUOcHetU78iuTfe5kKR,6RKnXXyprPjhBdCvL802Ku
5XJEdVQ5jl3C3dFsV7kCTZ,1z4g3DjTBBZKhvAroFlhOM
4P66rfizAl2nIJCICSMymC,7n2Ycct7Beij7Dj7meI4X0
2cvi3IRTibXzmAm4f8P2HP,1z4g3DjTBBZKhvAroFlhOM
3mKK73NhylzXdHV4qZGxI4,3Cv2vi3WTl8VZOTdrBkKdM
1sS61BTtpJxiw8VARNrD7n,5V1qsQHdXNm4ZEZHWvFnqQ
7m48u7EC4gnCfAhwoLfbCE,0Sadg1vgvaPqGTOjxu0N6c
2xSmwI4qeqtb2iIElCfcZD,2019zR22qK2RBvCqtudBaI
2aI2k39nfa3KFsa4JclQzw,41MozSoPIsD1dJM0CLPjZF
0K2UTvyyBPSmr0IccCWNZm,1BEohdSWSBggmO979tzRwW
7ehFSpcDs3PBExiLPwXQP9,6cdC1cwqh3eJAXaxXJt2jv
2Oi0IO8K4BEbhPUdWcjNmv,0qlWcS66ohOIi0M8JZwPft
3CVeGXpoPKJQ9JuhPp3mpL,0qlWcS66ohOIi0M8JZwPft
2BQIMF7CyLe2xAKzh74A4C,0Sadg1vgvaPqGTOjxu0N6c
7uvW1F97LfVbOF6bzHs3nO,5V1qsQHdXNm4ZEZHWvFnqQ
23XXMK9SQBFwndnbgbcMPa,6VAphrHp0Oc88qg9BDaH9D
40OyiVO9NtBg9R2Gpwxs3u,2AfmfGFbe0A0WsTYm0SDTx
2ZVQY4mXF3eHTu1RBnBZl0,2019zR22qK2RBvCqtudBaI
4BdpM8bR0nifsaqSz3qphQ,5V1qsQHdXNm4ZEZHWvFnqQ
0Ll92eLIHWY5gey1ISNMPi,7n2Ycct7Beij7Dj7meI4X0
2HtcPHFdo7eu4Ilbvb0BVI,7n2Ycct7Beij7Dj7meI4X0
20yOiJHRQGirFYehRSIb6i,6hhqsQZhtp9hfaZhSd0VSD
3YxK7NqMCWDpmrQ82Wvx25,7aZ221EQfonNG2lO9Hh192
1IX47gefluXmKX4PrTBCRM,7n2Ycct7Beij7Dj7meI4X0
472McvAuBRHKhKUA0jrBUK,0XATRDCYuuGhk0oE7C0o5G
6VDDE3UVEcNsNy3UU6MznG,2019zR22qK2RBvCqtudBaI
6x7fux7bZEfnChKx3nhSZn,0qlWcS66ohOIi0M8JZwPft
7prrcyZc48tO9hGzdnU9aD,2019zR22qK2RBvCqtudBaI
55pm2wVKiIziOHGsC4FBYM,2019zR22qK2RBvCqtudBaI
2WkPfNd237yc0l5KewCDpp,0Sadg1vgvaPqGTOjxu0N6c
2KH7ZhZs01rJOIVvuUNFbo,5V1qsQHdXNm4ZEZHWvFnqQ
7kTKAdVVlDxve6Qr7Hm7Qc,1BEohdSWSBggmO979tzRwW
3CihjB4pu58o2ititZw9Yg,1z4g3DjTBBZKhvAroFlhOM
4Kl017IgdJxdlvgnvrpYlE,3g34PW5oNmDBxMVUTzx2XK
1QqaaKVZxu9ExhYjKGgI4N,6cdC1cwqh3eJAXaxXJt2jv
6mgqTxm6s5Vu11dSNuD4S1,3ZZzT0naD25RhY2uZvIKkJ
59fJbRecO16BIw9L1neEug,1z4g3DjTBBZKhvAroFlhOM
5zypKmEPNSSfH4JTn9s68n,2019zR22qK2RBvCqtudBaI
7tMN6iGJMulMFpSCeU7pmU,3wRA5UYoo08BBKJnzyKkpF
4ML3iXqwb35FHG0SW1HVGc,3wRA5UYoo08BBKJnzyKkpF
5ipJi9h2ghaThn6EUwO3B2,7n2Ycct7Beij7Dj7meI4X0
76DhGlPaJ112MHVs1PJMyX,1z4g3DjTBBZKhvAroFlhOM
1Jk8M1iFFoTcL0IMuDHdsJ,7n2Ycct7Beij7Dj7meI4X0
7BuFMtIknd3ewai0zhKhqb,1z4g3DjTBBZKhvAroFlhOM
0S6giCcEzgm7SzK6cczMKc,3IJCdgkBZbieocLZ4e94GZ
7JfqtEztxAA11Q7O9N6ryT,4hozqATxbpy9TwKWRT8QVO
0zYqFyhiTj419q56lNsjk0,41MozSoPIsD1dJM0CLPjZF
4gjVhOuUPOpF23uKkcfVYU,7n2Ycct7Beij7Dj7meI4X0
7GbUWl6qLW1gdngbEV2WDJ,3cjEqqelV9zb4BYE3qDQ4O
1iCJrfkx5U4DtmkazBSYVG,3Nrfpe0tUJi4K4DXYWgMUX
18PergoIrGmRyeYxnaXJN2,41MozSoPIsD1dJM0CLPjZF
4giQE1WslvC0WH412UVLYB,2dIgFjalVxs4ThymZ67YCE
3V23oYrFVc5VW1Ftq2wPCu,7n2Ycct7Beij7Dj7meI4X0
3o8QzWsiiqTUVgBZfHgF58,7f4ignuCJhLXfZ9giKT7rH
5SE57ljOIUJ1ybL9U6CuBH,3Nrfpe0tUJi4K4DXYWgMUX
2wVDWtLKXunswWecARNILj,250b0Wlc5Vk0CoUsaCY84M
3rhlUWruyuJXfR2yX1wSVu,7n2Ycct7Beij7Dj7meI4X0
2U6RSyXFnDVNYoD9iUgi09,2JhAlkmukNvarUpGhTFXUQ
6JdS5rJvJaRA7B1tcm7kxZ,3Nrfpe0tUJi4K4DXYWgMUX
6gorwqDJ7bsdCHcVs5uS9u,4TnGh5PKbSjpYqpIdlW5nz
0xq4ZTcmwBfkPGo4RRKmMe,2PSJ6YriU7JsFucxACpU7Y
7jctPW5gAlj07A69fzS8m1,2eRjqXdTsssjpimRlz1i41
0ErzcmZ2gIwX7X0xSMQPix,48eO052eSDcn8aTxiv6QaG
0RqzUS7AkBhQDrBxcGFeDv,52zMTJCKluDlFwMQWmccY7
5RGf8qn1TBWVplLyyKUsuV,3Nrfpe0tUJi4K4DXYWgMUX
5KawlOMHjWeUjQtnuRs22c,3Nrfpe0tUJi4K4DXYWgMUX
2AIWoHr9DF6y4KALCBKWQS,3Nrfpe0tUJi4K4DXYWgMUX
5cadLqAgl7Y9zX3lRWdsPK,0ghlgldX5Dd6720Q3qFyQB
1HQPI8frgWJgdPnIKykZQy,0ODX6aegsZkBmBeMA5qqwi
3jsWXhE5NuPWQ4IHplv2zt,7zYj9S9SdIunYCfSm7vzAR
1BiXkuVBXz9IzP7210Zo9I,2dIgFjalVxs4ThymZ67YCE
32h6yQGn4oAhZ0HRsTMX26,0ghlgldX5Dd6720Q3qFyQB
4baWaXmm0BFFT3Qe3uSvs9,7f4ignuCJhLXfZ9giKT7rH
4rKEmhNA19JezqVsSQS4yo,5JPKwLsHGaPIlxqHiF29e4
4xTqgN4ej7EHMd0gWXJdrI,2PSJ6YriU7JsFucxACpU7Y
3LAHbEBvDfj38gcUTA8bS7,2dIgFjalVxs4ThymZ67YCE
56bHclo7YNvpujMveLElQn,41MozSoPIsD1dJM0CLPjZF
4XbyRgWe6yU4wE6WShdTEs,4y0wFJ5jmCUNRLZfsw1I7g
4lRwa7PKcGIuJMwtPIYKdy,3Nrfpe0tUJi4K4DXYWgMUX
1LShDXXs40R8bQFNBBupI3,5ORE0ElD7HiONogJZzhKrS
1zedfw5iu7XzKJT8CupEIP,7f4ignuCJhLXfZ9giKT7rH
2hynpFtQsg5wqVevY8z6G7,52zMTJCKluDlFwMQWmccY7
6VLIngaUede3N5lt37NL8b,3Nrfpe0tUJi4K4DXYWgMUX
66JoC6wx9PkFrewIUGGyzx,3Nrfpe0tUJi4K4DXYWgMUX
15jxI2XwZfYo7FGKex8IEf,3Nrfpe0tUJi4K4DXYWgMUX
0wktnuEcO4CSGvh8vYx8yZ,3Nrfpe0tUJi4K4DXYWgMUX
4HrNEm1bMlE0UuT0BqKBto,3Nrfpe0tUJi4K4DXYWgMUX
3JBnDOUd18QKjDqSYuOfpm,4U80LJd8sG6U9YTFP5izka
1S3Zo9gPe2KCJUKa5wLdVZ,7nqOGRxlXj7N2JYbgNEjYH
093PI3mdUvOSlvMYDwnV1e,3qNVuliS40BLgXGxhdBdqu
3p5PbT7QMSQpTG5X1qUqk1,3Nrfpe0tUJi4K4DXYWgMUX
3P3UA61WRQqwCXaoFOTENd,3HqSLMAZ3g3d5poNaI7GOU
4i4uJFziL5tEO9tWRSudlJ,3Nrfpe0tUJi4K4DXYWgMUX
7L8hkKW4hnemNfuOfEZcle,3Nrfpe0tUJi4K4DXYWgMUX
1ZPpGPko8oULTmi34rozMh,3Nrfpe0tUJi4K4DXYWgMUX
0DrxFkuc1mpxdbUbssLQ4d,3Nrfpe0tUJi4K4DXYWgMUX
5cQB9fbuQCz4muQUFkv3rR,3Nrfpe0tUJi4K4DXYWgMUX
0doLJjIDrYkoXDb4b9Qa8n,41MozSoPIsD1dJM0CLPjZF
4TWHREp4wv0TmewqR6rgRd,41MozSoPIsD1dJM0CLPjZF
6N0uDUUQRQd7lIIFU2aaEQ,2FLqlgckDKdmpBrvLAT5BM
1VAwnMFpVRc0CvdRRsHDrP,0gdWU9IX6LIiuPvXh95pas
3OYuHSIBy3KrBDXG9Au5r8,5dCvSnVduaFleCnyy98JMo
1Zv6zo71iDXH07Lin7hxMg,5dCvSnVduaFleCnyy98JMo
41lw42I7uyqwPEQOPZwcOG,5dCvSnVduaFleCnyy98JMo
4Ompd9kJo9Os4yB0YFzsEC,5dCvSnVduaFleCnyy98JMo
01dmH2IPkrLNWIMPNXlreE,3Nrfpe0tUJi4K4DXYWgMUX
0WNGsQ1oAuHzNTk8jivBKW,3Nrfpe0tUJi4K4DXYWgMUX
3eHkFA3StDR9BU7EVrUFLs,1mORehSVEd7lcaT2d7Sl2K
08eReCl8B3bV1GA247IGc2,3Nrfpe0tUJi4K4DXYWgMUX
0UDCfleTgwihlnOUxbzokR,3Nrfpe0tUJi4K4DXYWgMUX
48XfojJC87VKLlUotYV0Gm,3Nrfpe0tUJi4K4DXYWgMUX
51CWs8Gipl0UqDGNA5xekm,6RKnXXyprPjhBdCvL802Ku
06EMBzxDm2hueehobAlMtm,3HqSLMAZ3g3d5poNaI7GOU
6koMMQlsRWBwHZXdtWxgUk,1z4g3DjTBBZKhvAroFlhOM
5eM0WUGlosevLM5sA6UsWd,3Nrfpe0tUJi4K4DXYWgMUX
5Zlo5ZYjrr6DwQw1kBi5bA,2auC28zjQyVTsiZKNgPRGs
73ipE4lfZ53pvBbJPXkiEK,2auC28zjQyVTsiZKNgPRGs
5fCDWDX2Kv9jc1s7nZfzOi,2auC28zjQyVTsiZKNgPRGs
4dF0mDPTlpjThf1mJyK83B,2auC28zjQyVTsiZKNgPRGs
6XmZNkGNEJngWnT7ITrLpV,0XATRDCYuuGhk0oE7C0o5G
3IktbbAbZqczBDQxCoJOyP,2CvaqAMMsX576VBehaJ0Wx
5ptViFrfoKdGPTdd9oQCwr,3cjEqqelV9zb4BYE3qDQ4O
6z1kLsntE7FuzKZHZWrXYN,3eCd0TZrBPm2n9cDG6yWfF
054sQZ2qmw0Ya7N0XSxl3j,7nqOGRxlXj7N2JYbgNEjYH
4BMbbfwW9GLl9b05ecYKVa,3Nrfpe0tUJi4K4DXYWgMUX
43hiD0QEeUysuWqDzd8GwA,3Nrfpe0tUJi4K4DXYWgMUX
62DeqSXWw36b1jzGWozXFq,3Nrfpe0tUJi4K4DXYWgMUX
0GsRx0gPft6RmijIwMsKmG,3HqSLMAZ3g3d5poNaI7GOU
2jL9sjFc2LZsQBGbQnrjXR,0qlWcS66ohOIi0M8JZwPft
4jhUqSKsWZoVOc778NsFU1,7f4ignuCJhLXfZ9giKT7rH
1mdEvT7X3Rs7vL75fRb8oo,48eO052eSDcn8aTxiv6QaG
0PAq1DRlOGBAjXLno94j6b,3Nrfpe0tUJi4K4DXYWgMUX
3mmLyEhphJAaW7hyEXAD8l,4k5fFEYgkWYrYvtOK3zVBl
1H0zKZDwR19OGD3zKrwuTG,2CvaqAMMsX576VBehaJ0Wx
3uA8SjMyDtwtt0jLPMQbVD,3eCd0TZrBPm2n9cDG6yWfF
3FjZ3VejPzoNdCweXQ9Smk,1xs6WFotNQSXweo0GXrS0O
6PnZCsoA7ZeArdLEtx30YC,1xs6WFotNQSXweo0GXrS0O
54SuHqxVjZVNDyIUVpSgpJ,5na1LmEmK2VzNLje9snJYW
5MkZkFLnUrsMrVKQwqv5zV,5na1LmEmK2VzNLje9snJYW
4cwCVB09LU2UGNwVsWiTgW,5TnQc2N1iKlFjYD7CPGvFc
39QR0rs4eCwxhJk7GSPPGi,0XATRDCYuuGhk0oE7C0o5G
1LiKPVgIQdR5Rk97o8a1fF,7n2Ycct7Beij7Dj7meI4X0
76EhSRgHnPBHQsQ6PYQ706,7n2Ycct7Beij7Dj7meI4X0
41sIKltzKnhFsDXWTKjO3R,5RmQ8k4l3HZ8JoPb4mNsML
0ofpH5CvEIjc1H86jDyk8E,1sjw4xq2pAWy5Vdgba5QAt
6FHwkEfmpjhoEzS9s8ao7f,11BHuhJ2jEMPNJ3WpwZVT8
6p9iwuLWm2xLKvgoWXugRH,2uWcrwgWmZcQc3IPBs3tfU
3MkYUoEo1Yk1peHN4cof0c,4k5fFEYgkWYrYvtOK3zVBl
01bnqaE6nQogjdMMrrL1dj,7nqOGRxlXj7N2JYbgNEjYH
1maafRRnys7gGBUXcjhzmM,7nqOGRxlXj7N2JYbgNEjYH
3bNjjq8KpMx2Y9gpCoJl2u,5rGgflnIpRNizTCozbYBuY
0ZiiIOcJXxl6HRA14xTwEz,2dIgFjalVxs4ThymZ67YCE
3zEIwUZcIPN9Kci00VW3VN,2dIgFjalVxs4ThymZ67YCE
0XJZ0Ol4sRfcbZ8DSFAuIt,2dIgFjalVxs4ThymZ67YCE
2Q6vn3Pz85m9ttt9mOm5qZ,2FLqlgckDKdmpBrvLAT5BM
2OsH4MtKPVeI8w9sFBLEvZ,6XXKPxRX2WWPPtfodzpc2v
2kgjb8aqV3202cAN7jUaNR,2AfmfGFbe0A0WsTYm0SDTx
0O5bo4CqoUcXGyRPoeTHSB,0bDdOBGVCFVt0f8N9ldW1k
3kjyG3jI6a2EzYVa3ZlvFI,5dCvSnVduaFleCnyy98JMo
7EuwGgjGV5mZdiFxkNVNDd,6nfDaffa50mKtEOwR8g4df
615AGw524AbNzTWUjHwXpO,4BBN286rBKyCWsSPq2cxYO
00Za2WE6U5QeaAuqRwjhyN,5ZjBaiZiRUZx4AmlzOOc9R
0tWJ05IcctwDbJ0PfDbigg,1MAUqH0haKBYbjpknTfreY
3O5CrJjatffDXBtVUK4XB5,6nVMMEywS5Y4tsHPKx1nIo
4uS7VPnhc6rddYXTsvWqzV,1z4g3DjTBBZKhvAroFlhOM
2NvrIHgujKttUQyx2uUMY9,7nqOGRxlXj7N2JYbgNEjYH
0cI7LmBgwXN4Sv7W2zWsD3,7z61mo5OopwBqhKfI2VoQw
2mBSRrNtebhFsOeH2uXMKc,2PSJ6YriU7JsFucxACpU7Y
1rsvpq2FuGdEih29HcHla5,2CvaqAMMsX576VBehaJ0Wx
7jb6GXWNyeGUKFaUCpmNX1,3paGCCtX1Xr4Gx53mSeZuQ
31PzY79H10HCgJs533Xq6B,3cjEqqelV9zb4BYE3qDQ4O
7cwjntgP717i0JZFGoTPMH,7nqOGRxlXj7N2JYbgNEjYH
6QD9XEFCvpvjEyQXEehYMv,0XATRDCYuuGhk0oE7C0o5G
25jVJDgG9Nv0jFIIPeb0c7,7nqOGRxlXj7N2JYbgNEjYH
3TVWi92dWPMVcKpXvX32UX,3Nrfpe0tUJi4K4DXYWgMUX
5bPVe9O3bM9aQWWGnM8j7i,4pz4uzOMpJQyV8UTsDy4H8
5SD3nF4GLH4UTtt0OGWatS,1rSGNXhhYuWoq9BEz5DZGO
68vMDFui7uTbw9OQcyB0gD,4XDi67ZENZcbfKnvMnTYsI
6JtfR9xa0HII5UWXfdjvsQ,2uWcrwgWmZcQc3IPBs3tfU
1nMbZ9OsVNSLEyijI80EST,7n2Ycct7Beij7Dj7meI4X0
3DKtiWVAcWFOxIPyBlXxJt,7n2Ycct7Beij7Dj7meI4X0
6jIpuClSFwyBoGTwwpkKU5,7n2Ycct7Beij7Dj7meI4X0
1kPJiJ3N8cuw5Kzev8Ilu0,3UwlejyX2b458azZ7eCnHb
3Hd6zm1J4bVeu4VXwaDQL3,6cdC1cwqh3eJAXaxXJt2jv
3xHIyErJUeuy0MpjUKRuPw,13kJgvU22LHMsJtGWLmx7W
59JkwCdGIMTZYb0j75vebU,3UwlejyX2b458azZ7eCnHb
61NMqZzdUmRHw1KdS1honh,2uWcrwgWmZcQc3IPBs3tfU
0RP3Qjp1QhIjhtG7gYoBqn,0ztjVBmFk6OuHq6XBBwMI9
6Wqmn89a8tItOh3NLEhNTD,3UwlejyX2b458azZ7eCnHb
0NeNAcCVtGqLAAmf4FhWWT,41MozSoPIsD1dJM0CLPjZF
2oqbLpgVM4sCN34TeNBYEP,2uWcrwgWmZcQc3IPBs3tfU
68daw5D7jgDf55BJmaiQIf,1xs6WFotNQSXweo0GXrS0O
5mejZAeca4Ry7Sptw7LnvS,0Sadg1vgvaPqGTOjxu0N6c
2rFRa1eJ8RqlINbJCZwdtt,0qlWcS66ohOIi0M8JZwPft
4p1mcA5wVKjzUfdxPoxSax,13kJgvU22LHMsJtGWLmx7W
6D5KBWInFtc7WLBhv1TPMJ,6VAphrHp0Oc88qg9BDaH9D
5vCuawHQ8Poch1odz9JDpB,1z4g3DjTBBZKhvAroFlhOM
56xwRXkTTpsB1ASKJclpZF,3wRA5UYoo08BBKJnzyKkpF
0NeCqOJkCX9tNeIHLof3OH,3wRA5UYoo08BBKJnzyKkpF
72d7SM72TZcTSekEX5UoeE,1R52cwGf75yTf7I3Q0Irf8
7pm5uhK7xiEM9fQvuCE78l,54gWVQFHf8IIqbjxAoOarN
6tgaYrOLuLt4QblZaSoZ3Q,5LWkv2hDbDwZL3zNwZYNPx
2DkL5Jaz5l47TksGuZ0y33,1R52cwGf75yTf7I3Q0Irf8
7xePxAMPRq6WuRzuWxK8hJ,1yiDnFMFWXLovGSw3tcFVg
754PhkDUWZUkHbM7zfiLKm,6RKnXXyprPjhBdCvL802Ku
1dyMRzKZMakJqmOnsUUZ9X,3wRA5UYoo08BBKJnzyKkpF
1e7eOq89QU6vGYCJp9yW2L,0qlWcS66ohOIi0M8JZwPft
6MiGIhcqRysLfTTeTEgSuv,2uWcrwgWmZcQc3IPBs3tfU
28xjm4FnnGI4Xnds7VoNSl,68KmkJeZGfwe1OUaivBa2L
149wehc4FMDdj685CAAFRK,4XDi67ZENZcbfKnvMnTYsI
5PITBB6zMUfwWKKa0XWtEz,4XDi67ZENZcbfKnvMnTYsI
7y9Xospz6eMMJBtqELet7d,4XDi67ZENZcbfKnvMnTYsI
09SEn3ug4uO03ekeK1bYKc,4TnGh5PKbSjpYqpIdlW5nz
0m3W71Oliiv3gQWXi2YAmJ,1wKpMkucynaTfG8lyPprYV
1qLgJ1M37Mj50hlOnuw9cs,1wKpMkucynaTfG8lyPprYV
4JViGq60SvqtQXI3WK0OLS,7nqOGRxlXj7N2JYbgNEjYH
2Q0IIf62kXoAo24LX70iyb,2dIgFjalVxs4ThymZ67YCE
5wIMMlbIGCNAXnGy0ijojN,5DuzBeOgFwViFcv00Q5PFb
6KmWiz0zpYSPA56Poz0Cjb,5DuzBeOgFwViFcv00Q5PFb
4yHrnHRkY8ZEZUHPdsRno2,2wTLheTmMcFCA4hdY8hZJP
03UrZgTINDqvnUMbbIMhql,2dd5mrQZvg6SmahdgVKDzh
448m3Ci1NB9ggSzfJWdN6I,2dd5mrQZvg6SmahdgVKDzh
2d0SxR0z1n1qxDbqYUXKs9,2dd5mrQZvg6SmahdgVKDzh
3p6hnejEQYXkiTO1lAzVc0,3Nrfpe0tUJi4K4DXYWgMUX
6Z7m5DLNPOaPg9T6nXK0rQ,3Nrfpe0tUJi4K4DXYWgMUX
1ok4gxOv8cg5WLjWK6TQhD,3Nrfpe0tUJi4K4DXYWgMUX
4TiKZrN7gtc62SUiufpFCM,3Nrfpe0tUJi4K4DXYWgMUX
2VgPA0WnwvE2nbltxa3BHz,3Nrfpe0tUJi4K4DXYWgMUX
4KqPuyZdcjXuRqXSARnt6r,7f4ignuCJhLXfZ9giKT7rH
3WNuXdBxk8tQ2VI020dqvE,7f4ignuCJhLXfZ9giKT7rH
05fVrhFBjfElZiDfHDRxhF,07YZf4WDAMNwqr4jfgOZ8y
7tQTOyhv9BAjKoMoegHncb,7f4ignuCJhLXfZ9giKT7rH
4mXEyvBmSPjS0SywQWWiwe,4Kxlr1PRlDKEB0ekOCyHgX
0PVPamA9j03mR7rZihCG00,3sxWOFw4MSN54SIQ8np6iG
2gat9tFMWBID4SmoPmQrFQ,4k5fFEYgkWYrYvtOK3zVBl
2nChvM2Tyv1ib8AvfCJcOe,1gBUSTR3TyDdTVFIaQnc02
4g7hiqTP5eXt75XU5WSMMA,7n2Ycct7Beij7Dj7meI4X0
1H2qNVjNn13tlpKv6MtiYn,5DuzBeOgFwViFcv00Q5PFb
2fRojxstKd6Tz9VziOeo9n,4XpUIb8uuNlIWVKmgKZXC0
5TyCTVsBsHeeutZcU2uP5s,7nqOGRxlXj7N2JYbgNEjYH
4ohFoNx1yHERjm06A0h2s8,2019zR22qK2RBvCqtudBaI
2Xd9A1yFUzktsNmGluzB1B,70gPqzTK6DQNFTI8uyFv2h
5rKkNEUm7PasrZxyZNauQh,6OwKE9Ez6ALxpTaKcT5ayv
2ZwPHbkdoHC4tEQ4ReVLkc,3UwlejyX2b458azZ7eCnHb
0aOf8m2Y7eGsV17WsuH8Xj,4RnezwRV7VBJUCI1S0AE5u
4jQDaI7FRGaDB0llURpnNf,4RnezwRV7VBJUCI1S0AE5u
5S5gGOsUarzRXKoaSstwba,4XDi67ZENZcbfKnvMnTYsI
7pNNnrmd3pBIsQTenWExLy,3T0fMfxYBU3q9oAUAdPIsr
62txZsfsfNPkLDnnzZGRpu,6XXKPxRX2WWPPtfodzpc2v
7CCNaQPv7eS74h6AmUMV59,4XpUIb8uuNlIWVKmgKZXC0
12GJcC8SdDYpkbHvFrgp1w,4XpUIb8uuNlIWVKmgKZXC0
1Ju2yM8mqYm5b9V6aEFohK,0tzSBCPJZmHTdOA3ZV2mN3
1W3X1WWJEC0alMW7nqYLTh,0tzSBCPJZmHTdOA3ZV2mN3
2DHWM8Bm4zuzuH7UOXscJw,0tzSBCPJZmHTdOA3ZV2mN3
18yMTj71QJwQkybGfhYcaY,6kxCoNfY6U1eP0Yc88phvk
6CSZO82B0cM4CUgnrjPSfJ,20j1uz7iDOtIvIzCr5S8nx
1jRpxjlalomtUrMYqNerkH,20j1uz7iDOtIvIzCr5S8nx
5Jl2i6LR3Socm4TYqRzZw3,68KmkJeZGfwe1OUaivBa2L
0ffweDHrg4bZqdG4IfGYuo,3Nrfpe0tUJi4K4DXYWgMUX
1ayaOin9hxCtyhg4UsBTpg,7f4ignuCJhLXfZ9giKT7rH
6wyr4ReB05D9sJB1Rsmcqo,0b1sIQumIAsNbqAoIClSpy
3r9FFjLrAIQjoR8pSHVPC9,3Nrfpe0tUJi4K4DXYWgMUX
0mwCLKphlE8pzj6HKCWOlU,7f4ignuCJhLXfZ9giKT7rH
6mFgaFFRsxJIbIz4qKeLgH,740q2AaMATKCI0PUi461V5
0oSNOJEcBIKNcQzRc5TfyR,3Nrfpe0tUJi4K4DXYWgMUX
2WIQOnzLpjjlkkyjDIBFKs,0tzSBCPJZmHTdOA3ZV2mN3
0BU2OFDU7NvV7zza77F2YN,4Kxlr1PRlDKEB0ekOCyHgX
2jkZgKoNK8dKxs7FGb9c42,6gzXCdfYfFe5XKhPKkYqxV
0pGHou9D7JTMKbMfOLKy50,3Nrfpe0tUJi4K4DXYWgMUX
7MirWQBco3ZiuwvcdYaNSe,6wPBIyIIMxoqgux29bGF8I
7czyJpFnAl18Bwye8wETky,5qRSs6mvI17zrkJpOHkCoM
27GSSHVsa1yOfdKe9Mw3gE,6kxCoNfY6U1eP0Yc88phvk
0iqgzWSEsCtS8NS46Ceerd,2hRQKC0gqlZGPrmUKbcchR
3iVX6XiS0J31HIbZIzeF4R,30b9WulBM8sFuBo17nNq9c
2tdq0CeAGSfhI2l4Gwkvgx,3Nrfpe0tUJi4K4DXYWgMUX
6jLsYKGOBRBRvdowIzuyUf,4XDi67ZENZcbfKnvMnTYsI
7JHiyIBneG5971rM9QFoOD,3Lz3vEN23Fw0hIelrYEzUD
44u6id0tBroYZPLSNCHMnl,2CvaqAMMsX576VBehaJ0Wx
1dJQaGuotdQeGeI6gToWLc,6vPzAqZDXQgLTEn8pjp4jY
2WusoL0p5HmFzhR5DLGUVx,1xs6WFotNQSXweo0GXrS0O
3TM7sUA8tMzndo6G8E526g,4TnGh5PKbSjpYqpIdlW5nz
4W0wSLXqn0L3XneeBC344O,3cjEqqelV9zb4BYE3qDQ4O
2iXvnjL5CH66UpnGjXHDmZ,6nfDaffa50mKtEOwR8g4df
7pueMCX3VIGy3pM83PuCMz,3uHb6dRazmcaT15bMexUtt
03iCbZaM4OkRR4We6wIzvx,3Nrfpe0tUJi4K4DXYWgMUX
3pR7fROuokuTWSKxyDMcDC,2GEPtT5RDxrmdi0A4mbDi7
3mjfQvA5gAV6XnH0ZWnIyI,2hRQKC0gqlZGPrmUKbcchR
1kFevEv3s7Gf6o5xSDR5DL,3cjEqqelV9zb4BYE3qDQ4O
7uW2sLxLjNgQJHa71LGVGr,2FLqlgckDKdmpBrvLAT5BM
3f1JOBLYpzx01ZalqvesvL,1l0mKo96Jh9HVYONcRl3Yp
7wNZPLzUKbttcNSyoqELuE,2hRQKC0gqlZGPrmUKbcchR
1IWNylpZ477gIVUDpJL66u,1HY2Jd0NmPuamShAr6KMms
1EY01onFQGWy98ppvmTTPc,6cZqUJFOubd93SOH0yDHRj
67L4mztgAfkj8wZyFBnmJ7,1hatwkL9sjz45yLimEcQOS
3e4XnwzEVgZYbtuIwNZEbF,1hatwkL9sjz45yLimEcQOS
6RWTUP9xvCudk3u4uM7TWs,1hatwkL9sjz45yLimEcQOS
5tVhiKw295amRhxkGt2ryu,5DG297vSBlhLlkYoiPeSav
7CWT9FxUOzFBPI7sUKjada,1hatwkL9sjz45yLimEcQOS
7vH6uRp4P2rn2Y8jBnWOgL,1hatwkL9sjz45yLimEcQOS
4UqzyL6YQQY2bmghpTwvki,1hatwkL9sjz45yLimEcQOS
2ZX8Bqzyhok3KmGla1fhba,1hatwkL9sjz45yLimEcQOS
6jtBGkf1lsMGhTuLKSxWBQ,1hatwkL9sjz45yLimEcQOS
4DxrOxehPFRsgZnKbp6Mc6,1hatwkL9sjz45yLimEcQOS
32pNofJqG4JcJfQavSH7LI,1hatwkL9sjz45yLimEcQOS
0SdMLlsw5FOEbHJmJs8aUA,1hatwkL9sjz45yLimEcQOS
3TgRtaqKXEbkkB5xKTNRC8,1hatwkL9sjz45yLimEcQOS
3NNzVNITqqTpaThmOoJ9kO,4oRyLnxDdIzd2POQfX9Drd
49DQD3sQ0cAu6Wpwmq2c67,4oRyLnxDdIzd2POQfX9Drd
59x4XVtNun4yzfDIiqgO3G,4oRyLnxDdIzd2POQfX9Drd
3NvYIoQ2H2QnGlWYkqXfSE,4oRyLnxDdIzd2POQfX9Drd
5ZsEcZzlYyRsVHLT2LgnHF,4oRyLnxDdIzd2POQfX9Drd
1lIKeo9Y7JmgIn3htoG1T7,4oRyLnxDdIzd2POQfX9Drd
5ZGGchCJNEJlfBEkacdnCT,4oRyLnxDdIzd2POQfX9Drd
3XF5zCYS1bJJAPepPXBYvW,4oRyLnxDdIzd2POQfX9Drd
6P5hUQfJs5J4JX8t2o16vp,5DG297vSBlhLlkYoiPeSav
39hhXAgLzuY57gX1exUSHA,4iTvNT7U0O8e0ZACwunDWb
2xVpbLYHIlkIQCArV3LxMj,1hatwkL9sjz45yLimEcQOS
2os5SJhDmjwNSsTzcXPWXB,1hatwkL9sjz45yLimEcQOS
1kUjpHCn98OC9FKj7QjVqW,4oRyLnxDdIzd2POQfX9Drd
3h3PHCZp0M8AofXOo5779L,4oRyLnxDdIzd2POQfX9Drd
5lAHcS0DRhsg9An4QtWqjq,4oRyLnxDdIzd2POQfX9Drd
1WvTjztllJoCwPqKEUI0ab,4oRyLnxDdIzd2POQfX9Drd
4QgG5kOmNRzYtYcK7sIKNB,4oRyLnxDdIzd2POQfX9Drd
2GeKJU7FxXaTEoSmVGY8VW,4oRyLnxDdIzd2POQfX9Drd
56QTrUsq9hoCWTHmhNlLzH,4oRyLnxDdIzd2POQfX9Drd
765ekFTA83CsiRRAyMIygc,4oRyLnxDdIzd2POQfX9Drd
69rCS3YtJpBiPQFbNODdz2,4oRyLnxDdIzd2POQfX9Drd
517DTS48QxRqbXDmelxRKD,6cZqUJFOubd93SOH0yDHRj
0ZHVhTjk9TlijnqMOEgHPo,6cZqUJFOubd93SOH0yDHRj
5m9T1X7olG0YPKbALohNh8,1hatwkL9sjz45yLimEcQOS
2HtoNujbEZGjxUNga91nVQ,5DG297vSBlhLlkYoiPeSav
2Jr4Lc2fmHusWI3wblFv0x,4iTvNT7U0O8e0ZACwunDWb
3ErmLE6j4Khqk65Hplj4FW,1hatwkL9sjz45yLimEcQOS
1BCQ0fy8VVyfmGzXBYXliL,4oRyLnxDdIzd2POQfX9Drd
0pRwZ0Vh3Vud0XANoHyiS2,4oRyLnxDdIzd2POQfX9Drd
7uhW9Btyhk9Wj3K6FKwV8I,4oRyLnxDdIzd2POQfX9Drd
7D7iua3Ft1CSB8V7Ed2ezk,4oRyLnxDdIzd2POQfX9Drd
43YWH5mBC63pBUD4xFeDc2,4oRyLnxDdIzd2POQfX9Drd
38CSph1neFXjfntP4jxcna,4oRyLnxDdIzd2POQfX9Drd
2QqwkyFJMecxWqjUAD71hS,4oRyLnxDdIzd2POQfX9Drd
030IgZSq9Ci60Vfrmq02Dh,4Xx6QMLTWppMwdABkN0Afj
5CQoNd77kWR9T0Qy7VgJpT,4Xx6QMLTWppMwdABkN0Afj
695ztA9u7GeISFIejwSqDv,4Xx6QMLTWppMwdABkN0Afj
5Gntg20iPzp6XlEEsoqRRU,4oRyLnxDdIzd2POQfX9Drd
6mxg8wPb8Rkqr81xzEeTLA,4oRyLnxDdIzd2POQfX9Drd
3hEENe57erDgu1UHIE0OHN,4oRyLnxDdIzd2POQfX9Drd
4GiNzAzl8OQUEeyQy2Pmm5,4oRyLnxDdIzd2POQfX9Drd
0mAgMjTUAunwuyHOjtg36D,5DG297vSBlhLlkYoiPeSav
4niJbBK2OioLHHNBOxB7F8,5DG297vSBlhLlkYoiPeSav
3yeSshSmbmECWa8tK63Efs,4Xx6QMLTWppMwdABkN0Afj
3lELXkxoYeBOZMVGOdKrsE,4Xx6QMLTWppMwdABkN0Afj
5f5zEqIo673sGLRuIcEwnt,5DG297vSBlhLlkYoiPeSav
0tqAGwZw1nNd5dZFWuQ5Pj,4Xx6QMLTWppMwdABkN0Afj
2LU57LQBNptAi7UWS8JRPf,4Xx6QMLTWppMwdABkN0Afj
2a522tEKHxJjBxMnbcIHqs,4Xx6QMLTWppMwdABkN0Afj
3rpSjfoRjdvUB0bwnSMVo8,1hatwkL9sjz45yLimEcQOS
3OWTqmBWFXoPgXHHvyY6P2,4oRyLnxDdIzd2POQfX9Drd
51sWkGdjpjVMnin3i691Cg,4oRyLnxDdIzd2POQfX9Drd
2jLdU8QC94IA9RPQuIo9z6,4oRyLnxDdIzd2POQfX9Drd
2O39JILPBLBabhcNq3Fjnh,4oRyLnxDdIzd2POQfX9Drd
4JUfZTWXZmEcprSTxu5pH2,4oRyLnxDdIzd2POQfX9Drd
0cMFClchhMOZ3d6EhGaSwV,4oRyLnxDdIzd2POQfX9Drd
7s831brlOU0CJz2h95S23Q,4oRyLnxDdIzd2POQfX9Drd
7yAnOwuaza4X7y5HTPGhfK,4oRyLnxDdIzd2POQfX9Drd
1xeA3NpOlbvmCvejZJsam8,4iTvNT7U0O8e0ZACwunDWb
2bf6xETwagrtmxRtw1lpSE,5DG297vSBlhLlkYoiPeSav
5ZuRolDo7MckkFjZbUqyEe,5DG297vSBlhLlkYoiPeSav
28xbMQBhgbDPbI5Zk7pMk9,1hatwkL9sjz45yLimEcQOS
7pSYz3CoBpjJHj6S8k575N,1hatwkL9sjz45yLimEcQOS
6EKT5Wo2izVKgZxff4R3nT,1hatwkL9sjz45yLimEcQOS
6Kfn1KlcyzZH2mgQErzKxD,1hatwkL9sjz45yLimEcQOS
26X0oGgRMQxCTplVWUVniH,1hatwkL9sjz45yLimEcQOS
79pqzy8u8PyXPsODElP15f,1hatwkL9sjz45yLimEcQOS
2t6C9fzEDDZShYwKmMAgVf,1hatwkL9sjz45yLimEcQOS
7rZvZUyiv8LY69vAT6Zj10,1hatwkL9sjz45yLimEcQOS
7ECDcSJhoTuMkU5kJ3ueDr,1hatwkL9sjz45yLimEcQOS
4o2AmJTkTtspETRK9JL4pH,1hatwkL9sjz45yLimEcQOS
6pEcxmzAeSX1UNGPfqovcw,7qKxhFTGcJ7w7JEFGqqWwK
2Ay6SvSQ4Rddfx3TZ9I1Hx,1hatwkL9sjz45yLimEcQOS
5MRssHZVfirKcVZGWwLsql,1hatwkL9sjz45yLimEcQOS
1PgW4zrkIPHT3s1E5lV7rw,1hatwkL9sjz45yLimEcQOS
5nuiz7Ih1ysVcsKIImI3Je,1hatwkL9sjz45yLimEcQOS
0QNu6pcEzwzp7D4gMFhyfN,1hatwkL9sjz45yLimEcQOS
7MlbvqvkVx8MWBdSBkJRK3,1hatwkL9sjz45yLimEcQOS
6SfNT1mHRCXrkvjeFGeMn7,1hatwkL9sjz45yLimEcQOS
52gNckuUZCEpWwFl8n9Som,1hatwkL9sjz45yLimEcQOS
07qK2GNNqVvd6KoE53tWpg,1hatwkL9sjz45yLimEcQOS
5c0WmzhWSmMtuQxDCLafeP,4oRyLnxDdIzd2POQfX9Drd
14fDAC78Sg72zvbr8PmBwh,4oRyLnxDdIzd2POQfX9Drd
4sibpcyN7n2FaUGL1UfuEI,4oRyLnxDdIzd2POQfX9Drd
0qwH8og5Es4iD9nFERX6dd,4oRyLnxDdIzd2POQfX9Drd
5c4HJeHd5TBrAYca6ExLES,4oRyLnxDdIzd2POQfX9Drd
2iPxDFeN27VrKgGdZ0AIKw,7f4ignuCJhLXfZ9giKT7rH
7ez0GleWkVehEBqm4zfwLU,64k5e9kV9MdukXjFrR5R37
0NLK9ouDRXuzDypCNtv8h1,0tzSBCPJZmHTdOA3ZV2mN3
6TBGYsimcC1FarPc0I7AYN,3UwlejyX2b458azZ7eCnHb
5G4d1PtWt3NgvUZInXSkLE,3wRA5UYoo08BBKJnzyKkpF
7gRDxsHKZOMduqp0OXO4rI,3wRA5UYoo08BBKJnzyKkpF
0EmJRLb8a5axjX0swbsVBR,1l0mKo96Jh9HVYONcRl3Yp
4p7mS0e5GMsBIg1g61ikpw,30b9WulBM8sFuBo17nNq9c
5olU48ccGC4YbZWRuDeVlk,1xs6WFotNQSXweo0GXrS0O
0fp7yXkUbwmM8ML6sWu6HW,5BkB3rXc0qIdUtuEnhbK0A
1vB4viek8riCix3oKRTEH9,3Nrfpe0tUJi4K4DXYWgMUX
1QWxddJmOhQb1vDdyTipMR,3Nrfpe0tUJi4K4DXYWgMUX
0c2E2zcsp8EoWmfw8YQphH,3Nrfpe0tUJi4K4DXYWgMUX
2Y75ADhx7XespDNxQALACc,3Nrfpe0tUJi4K4DXYWgMUX
1VLEqquT268Ke46e5DZ1dH,3paGCCtX1Xr4Gx53mSeZuQ
7I2nbddpDYsAe6e4biIxEO,7f4ignuCJhLXfZ9giKT7rH
2nxYJsog7BFm0xCg90MIQq,13rF01aOogvnkuQXOlgTW8
1T7NW3LwpJZw381bfiPPBz,13rF01aOogvnkuQXOlgTW8
7EYDRfuloB4kG28ECZkPZB,13rF01aOogvnkuQXOlgTW8
5hcO4JPFMFgQ5edWGhhhaG,13rF01aOogvnkuQXOlgTW8
58hcZDnDFJMuRKg0ka9cOt,13rF01aOogvnkuQXOlgTW8
23FeHzPmXrVSoJJpU8H1Iz,3cjEqqelV9zb4BYE3qDQ4O
6MYEeyznxIzZIOsFpVryrM,3cjEqqelV9zb4BYE3qDQ4O
2sX8TqQZIEwNHybyH3gXld,6nVMMEywS5Y4tsHPKx1nIo
7eUtsnBNOWfWDObBZyU4F4,52zMTJCKluDlFwMQWmccY7
6ZCugHZvchMlF6DqMDYIW1,52zMTJCKluDlFwMQWmccY7
1j3zXAq0W9cLIpiAXwcYXF,52zMTJCKluDlFwMQWmccY7
4wOXL5AcwYT1Lc8IuqZfot,5KPaeBm0fVfCSZLydp9jdy
5V3cwxCMYUHCf8dtWgbw7e,78sJswwVn4P8aEhkF4K6fQ
0k6ItoyE50QuW50nGYLO2v,4XDi67ZENZcbfKnvMnTYsI
4Y6Voc2xpc4lPD5iKpN4o2,4XDi67ZENZcbfKnvMnTYsI
28hn9FOXdzip1x3F9tfpZb,4XDi67ZENZcbfKnvMnTYsI
7tWfmoStuRJCsQYZiv5Uwi,4XDi67ZENZcbfKnvMnTYsI
0wTwQC1TBfmARocEljNDZs,4XDi67ZENZcbfKnvMnTYsI
7agRTmbm6Aq0kyge2aG5GM,4XDi67ZENZcbfKnvMnTYsI
70sKpBigEABSZQmlo5nOYj,64k5e9kV9MdukXjFrR5R37
4ZEfDHV29vbM5conksivxy,1ql28OzmgulHG2ldXFrbWp
35eNefGll9Z7vP3D3Fg2Ju,6LPOT9C3gvGQHxlZtMLHHg
3sLblaaGaR9algWYZTSznN,2GFWFz0RDN1FH3scVGHGrF
1PVluFXbdOTv29475JS2Mj,4R60A85t9mTZzCqJlVswuo
3Mh1qIRhKi7g6ZlMvtgAGn,4R60A85t9mTZzCqJlVswuo
2z5BsSuiLSBGidcH9B1CZE,5F47QnV4fjYwl0u5GaSDEx
23QWj2CyhiUU6KLnmR6yul,5sUKi0QlHVxvsCzmrhJsFO
5bHHIh8rTDH3ukXrdp7lcw,5sUKi0QlHVxvsCzmrhJsFO
1FBuZzEpuLvmcFBumBLBxp,5lvNsrcLos9vZpLQCJk4YK
6s6ZgLs7qexSGgzN4lrLQA,1R52cwGf75yTf7I3Q0Irf8
7AoK7YuZ5sQYtPofTFElIE,3eCd0TZrBPm2n9cDG6yWfF
2p980qlVXYLh3HdHusbhfa,3eCd0TZrBPm2n9cDG6yWfF
6wcRv0UBvEH9NCIA3IVyQs,3eCd0TZrBPm2n9cDG6yWfF
4fCUZbBdlcUY3KUqHdEoZK,54gWVQFHf8IIqbjxAoOarN
5N3rXELAY2c1UBgWlARBYY,6QyO41KctzGc70mVaVnXQO
50WjJ7Haxc2ZKaRKJhYybD,3ytV7vc4ZuwGgwaOuWvkk8
2JdLBTvPiH1BxuhzXvb4UW,6r0hPI0NVDMIwJimnNps8c
6BMoDsXoj1bdIRBCYzYjcw,6aLdhHUqgdKE86xbtNmY8g
4zl6iEb8BqLsvsupqcEsx9,6aLdhHUqgdKE86xbtNmY8g
1IP2NS7ov1MAh2Y4Nc4HId,1loWI8jVk9btgJXHgqHXPD
03xB2RaR17TyaR7tAfOYde,1loWI8jVk9btgJXHgqHXPD
40gUfKHwCNLpXowFN9Hvsu,2wTLheTmMcFCA4hdY8hZJP
41qLzxymjkp0R5vl3REb1S,1z4g3DjTBBZKhvAroFlhOM
1iEzGFEux7t1Wk41LOaCCr,3eCd0TZrBPm2n9cDG6yWfF
7pcg7sM8jjPbI86bc3gyV9,4TnGh5PKbSjpYqpIdlW5nz
5mnevkfhOWDzuvIIfRqv1c,5DuzBeOgFwViFcv00Q5PFb
5jBGI01km1Rt8gqBKVCU7R,30b9WulBM8sFuBo17nNq9c
2X0JoUDECDLmvlWxONeEY2,1GEHPQlE1qVumD2LIpyCyf
1L9X1uzSZoPwyVzFOIOKDh,2FLqlgckDKdmpBrvLAT5BM
1fON4Vym57LYfRqTD1KZe4,5DuzBeOgFwViFcv00Q5PFb
2orE4MtP5Oy0ynoA1KkF3t,6udveWUgX4vu75FF0DTrXV
2bICXpyhEG16g9sKHugKjL,1LOeaOZCreokgQaauWT5rV
1n2tcuMOBKJ1rE3n9ClsAy,7cVZApDoQZpS447nHTsNqu
53cvF5TXybzRbhD23QEFCM,6aLdhHUqgdKE86xbtNmY8g
7iXL8WCagyp9aoWTWF1Tn8,7cVZApDoQZpS447nHTsNqu
2XBwLQkHIbn0xQYpVt39Va,4RnezwRV7VBJUCI1S0AE5u
1NosPv9hf3Duwl3I1JKM1z,6aLdhHUqgdKE86xbtNmY8g
3E1lp2AXRu3v4CiXJ8D5hD,2hRQKC0gqlZGPrmUKbcchR
3d3RUv7bMGWEHw5Rr6TBjL,4Kxlr1PRlDKEB0ekOCyHgX
4BBWAJ5bQAWFBsI6I8PBSt,2FLqlgckDKdmpBrvLAT5BM
6mzF8HvHdVrzJNd8M1uFCS,6aLdhHUqgdKE86xbtNmY8g
77IZ5gbHrUR6lp9gE9QqYb,4Kxlr1PRlDKEB0ekOCyHgX
5dh87xGcp4YqDFBc86Mh47,1XNC9ksvgXeD1xRJruSA5t
2yB0QdoWwk0z5l9UhMesCV,2FLqlgckDKdmpBrvLAT5BM
2ssQ4RyZPBOgaSdlJsYUay,7cVZApDoQZpS447nHTsNqu
5C7WvWNvBO4cTVH22Wn9uc,3uGFTJ7JMllvhgGpumieHF
5SWDvM33AWtBE2UylcEWTg,3cjEqqelV9zb4BYE3qDQ4O
5dC79m39ThfNFIHfaUx0Ge,3eCd0TZrBPm2n9cDG6yWfF
1D6lK8qADoErTTLkY4YBfM,0UEP2XBR9aC5NBKcAKnBIq
4sk5jpMmS1AiahoYPpnw49,7cVZApDoQZpS447nHTsNqu
5zWWdqa4BF8tjygCS8E3rO,1XNC9ksvgXeD1xRJruSA5t
1dzuJ9z66RXuDV3t3gQrFI,4ufh0WuMZh6y4Dmdnklvdl
1QEVsahE9GMF09j1M1Nq4c,1XNC9ksvgXeD1xRJruSA5t
7nctWiO19xb8ZC3nAh5jRW,3uGFTJ7JMllvhgGpumieHF
2DkrzgIdEtoJCHyYkiKldt,0pLH4lklRk1JmFIkW5A7Si
7rLvsAO1yb7ElxPhkz60qh,0UEP2XBR9aC5NBKcAKnBIq
29gAZu74rLGbPFBoFNEnYU,1XNC9ksvgXeD1xRJruSA5t
2l9gc7qOi4S59P9TWXOzfP,1LOeaOZCreokgQaauWT5rV
1qsjEmjRzXVsmC0oLitHzN,0dX6tgZKWpamoFHFuXFhwd
5BORybllcNNjapY2shRHy1,3b4kLCI0ZJW47TFsNRqgCb
23Sp4OKoHAmPehmCFsmWdX,7lXgbtBDcCRbfc5f8FhGUL
7oLXIyY1ZUexU0zcr39Xj0,2wTLheTmMcFCA4hdY8hZJP
0Ft9pLHK8GSYxBjDLXZBMd,6aLdhHUqgdKE86xbtNmY8g
0qruYu1AiLgMQqJYEHgOrO,4Kxlr1PRlDKEB0ekOCyHgX
1EZYtpVrM116vaULIcruIf,1z0Hi3myYw4x32xCq0H3aq
18YGarcRzoFzGH4SZehizG,6zTIxEXFWjoNu2VXauDITb
1ieDhJfetL1wUFTC0YIriP,3eCd0TZrBPm2n9cDG6yWfF
04QdJ4sY0fq8EBpvyEXBkG,6aLdhHUqgdKE86xbtNmY8g
2HC6c1d7SiznMV4rkmmxBB,6aLdhHUqgdKE86xbtNmY8g
35bRmqYn2rYeNdCYH0WGMz,3Nrfpe0tUJi4K4DXYWgMUX
0Yz3F0UGDibDe8uU69zmjn,5dCvSnVduaFleCnyy98JMo
0AO2yQNGcH0ASHHU5lS4lT,5HenzRvMtSrgtvU16XAoby
5QvDxSU9JM5Y6L6wiI99sW,3cjEqqelV9zb4BYE3qDQ4O
7iV733e1KacKrFRaBNxVEf,3Nrfpe0tUJi4K4DXYWgMUX
4NPARrLIbtMl29ZJv8ESr2,3HqSLMAZ3g3d5poNaI7GOU
6NljjfZDdfVh8x31Dwvj7J,3cjEqqelV9zb4BYE3qDQ4O
0xTv69YWkYcmMdTFqvxcN2,4XDi67ZENZcbfKnvMnTYsI
5LiWJsSSjZh7Y3hqml18Ki,1sVSMPPNMMSZ7cQNfbvMOe
3hm4axDodp2jFEDohQfXxV,1sjw4xq2pAWy5Vdgba5QAt
1ndZ37FOUNqW7PNWYJvPYk,4mbvd7ZJ2goftjy1L33LiB
3ga39Pl8BtmEQOFLHHnSnb,7cVZApDoQZpS447nHTsNqu
7e9gIuoYenaIIOO2ftG6QB,78sJswwVn4P8aEhkF4K6fQ
70erIN9ecPDru7T9NSkRWk,2FLqlgckDKdmpBrvLAT5BM
0zvzglIwe1ac0OdMaCLSat,2FLqlgckDKdmpBrvLAT5BM
0ESGvKJoja4msEeDhOMDD8,1lFLniFTaPjYCtQZvDXpqu
0ePDb0b1tMQlqP9u58pmcg,7nqOGRxlXj7N2JYbgNEjYH
4KMkvQ4pukipifwyjc8fAH,3cjEqqelV9zb4BYE3qDQ4O
0gAbzOOXtsOIJBKzK8H6VT,3cjEqqelV9zb4BYE3qDQ4O
1paEGBBeqDYfb9AppAt7BO,4BBN286rBKyCWsSPq2cxYO
6FfFX2rqP7AG0o07VC2Dac,4XDi67ZENZcbfKnvMnTYsI
2jfnHH0QZoV7AYG9AdKbxU,1l0mKo96Jh9HVYONcRl3Yp
2BPXILn0MqOe5WroVXlvN1,3uGFTJ7JMllvhgGpumieHF
7qA1ly9O3kKuUIJD3Ia4u3,3cjEqqelV9zb4BYE3qDQ4O
0gwkKV1g0lWv6E69bJua67,0C5e7fYEmGRTHe6elNViH2
7K67w8RjfY0C35MRnaMtXP,1A6WCseWiK22oxqodg7vcy
5efB9wfc6dn3pzll9ElIrH,5rGgflnIpRNizTCozbYBuY
2aFIBOe4hOqh78bzjuORQV,4k5fFEYgkWYrYvtOK3zVBl
672IEazdCUdNPzIPLeVwNv,6a3Mfrn2XBR1DfPg1QGa1d
3zMc7plfkAirrepA0BxzkU,4TnGh5PKbSjpYqpIdlW5nz
5YQ8OVvW80yoZqZ5PK9JXv,3ytV7vc4ZuwGgwaOuWvkk8
7LDuJCCn3GQyXvqfakUTHx,3cjEqqelV9zb4BYE3qDQ4O
3fCZKucLEtLkTLtRUZrfkG,6y9nlaoynxSvoTGY09Vdcy
44tbkK3PkJJlQLrskrrCxT,2YXlVLKq3X3soXd2aXUtIT
6z4suYXf384HJU1bK8PhOZ,4ufh0WuMZh6y4Dmdnklvdl
0WSTInLqMrT9po0LAHpZCJ,4ufh0WuMZh6y4Dmdnklvdl
7tIFeLQFS7A6DLcZ12Mv3U,4ufh0WuMZh6y4Dmdnklvdl
5Y7a8iWIawp1QTbevGeH1V,6y9nlaoynxSvoTGY09Vdcy
07IlTJZln2vfZtJ7vR4IMf,7lXgbtBDcCRbfc5f8FhGUL
6oTdsBJmsEzK55Xzl8QYxn,7fM2usopflHarQjI9NEcbq
1uvhaF0YquxqSNbcFVElOj,2YXlVLKq3X3soXd2aXUtIT
66pk208YAMx4UYcAwPzXQd,0ElmlBhw88a1jOhfU2hrd2
5WrEilrRI5cIW0DxMvQYPZ,5BHFSMEjfLVx1JwRWjAOsE
6KxACudfT4vVXnDUkjU6lN,3IJCdgkBZbieocLZ4e94GZ
2z0LVG9G2SpFaT5bHyWwjK,1wKpMkucynaTfG8lyPprYV
339xlPKDLkEkFBFkMfAFfJ,2dIgFjalVxs4ThymZ67YCE
14tNUeer5gUbUYvhYYTclS,0CmvFWTX9zmMNCUi6fHtAx
52Ympobu59UXxyhdCUww1y,7LOmc7gyMVMOWF8qwEdn2X
19t5GSN3XsLB7UOsZD8Fwv,7nqOGRxlXj7N2JYbgNEjYH
6k67RdkVjTZj79c1cRz7IQ,68KmkJeZGfwe1OUaivBa2L
3szOUJ6GA5vASA3lZoaWmJ,4jCGRzuZkwo8CxboiANMEU
4hrpoqJMVE7FxBu1YWx0eQ,3Nrfpe0tUJi4K4DXYWgMUX
3cl6BsTDeeGRbgug5TXrvg,5TnQc2N1iKlFjYD7CPGvFc
2MsNSKQNQNRklkKFxxvIav,0ghlgldX5Dd6720Q3qFyQB
0xHgclG2TeqIzB8N3Wb5rP,7nqOGRxlXj7N2JYbgNEjYH
55kuHkT2CWhWKF6CoRDnJq,2uWcrwgWmZcQc3IPBs3tfU
2SytGgja3g2R2N9lzV6n3E,3Nrfpe0tUJi4K4DXYWgMUX
4CvId64YZSB0RfRdfzPIQU,3Nrfpe0tUJi4K4DXYWgMUX
7xMBlV5OBTiHlUraGaHGqs,4RnezwRV7VBJUCI1S0AE5u
7vZseKiQOIuFxxfi84302k,2dIgFjalVxs4ThymZ67YCE
2N8gVC6b45879mbNo9IMZr,1bkpTEmumLC3xc7HgMsttU
2ujZatFh8uZMkiBTu2z7AH,7nqOGRxlXj7N2JYbgNEjYH
4rm9NacKlPRfRGnUFByroW,6PhJlQzxOQffOqnXhN5D10
0mve4vxmwumqI6gnw7euma,0CmvFWTX9zmMNCUi6fHtAx
4lxiXjwUndTaK5j93tKaQL,3sc8VkMupNlix3Mjw9DVTl
13PuXAY6A7Ws2aWQd6dci0,3P3RdEfqD4cdcmenFZB1ok
3cRMTLKS4Eabhxu1qmyKRf,05lDwyJZxrpyxqCFC7SNk5
7wfbHZcNtENuAcbog7c6kQ,3cjEqqelV9zb4BYE3qDQ4O
1FCg1WCF82b50zT1Sgg0qq,6ZZafCTzyk1yjqEES63cMm
4hQHA562yLkVKlakkOkz5l,68KmkJeZGfwe1OUaivBa2L
3BX4s21i59qVBRMDunqSqj,69BU1e5k9bwV11jZxA9gWa
4hxHDNSgUPiNL7ofrW2e97,5KOTrsUUc0VUVH3mR5StNC
7k1YG4KliiXCVawNyvwT7X,0Jy5VMwm7X25fOaYh0PyXK
5ZmZnO37y2neKxn2KVhuLQ,1iQfn1B8V25iQoolQakyAZ
7fMr8hvwXVWO36ZD24HBeR,7nqOGRxlXj7N2JYbgNEjYH
0z0zo43gGLVSvPalKv2jlP,3ybZTNrlK0QhL4rBxfLHOc
5vZU1sYp7e1osTKWIMtof5,3cjEqqelV9zb4BYE3qDQ4O
5COO2JgOmHIJ2jsXFwflz8,7n2Ycct7Beij7Dj7meI4X0
6P79WvoWD60NKDHxKNxfxn,5zShiwTHlygdfsXj6eavTu
1trFxVLL8WKhYap543e74l,3Nrfpe0tUJi4K4DXYWgMUX
6dr6QeqH62tYUiPezRbinq,3Nrfpe0tUJi4K4DXYWgMUX
1qISta7z0s8B6zc1awcCVU,3RkN2CENR9zgHLKn2H3hcI
4gDyNYMkzXpMXjVHgRoWC0,7nqOGRxlXj7N2JYbgNEjYH
2K421A9GSAxfybVhjtOZnS,7nqOGRxlXj7N2JYbgNEjYH
5NvhFPnIOnSTLmYSY6E2SB,2FLqlgckDKdmpBrvLAT5BM
7jqdsibIsXHoVxxDFtrPRZ,3cjEqqelV9zb4BYE3qDQ4O
45cB3Ehar8LBGqzkXWIG0J,4pz4uzOMpJQyV8UTsDy4H8
4bRniHgokYQNWeFTbkLIos,6fTEkjuuZ3hH6fdeBxxbA2
7MpdeQ4QHSrhl2IXBRRZBi,5HenzRvMtSrgtvU16XAoby
1emmaXbP2gfpdAwdoek4a8,3cjEqqelV9zb4BYE3qDQ4O
0ULA2rzYrwQK1CGVQvV13j,3Nrfpe0tUJi4K4DXYWgMUX
4AGgXEtNPFPAMUoDEgjvwX,57okaLdCtv3nVBSn5otJkp
6pvbS1retq34WubnKg7wcO,6a3Mfrn2XBR1DfPg1QGa1d
5eYNVMkqUDaZMGSXhwaO2O,5dCvSnVduaFleCnyy98JMo
2wujxMwIMLmnlXoQ08obtb,6MM5NSUJjTmXbG5StAbH5a
1zCRu6ONQa4FCADwoZnHuI,6a3Mfrn2XBR1DfPg1QGa1d
4AbmM1p6tCfxGs898AmL88,3Nrfpe0tUJi4K4DXYWgMUX
4HJEQr2hdXxKrRdNU5ible,3cjEqqelV9zb4BYE3qDQ4O
1eE5oeA5BFrkHz7BwlkHzi,3Nrfpe0tUJi4K4DXYWgMUX
5jJzrVQqZ6S1k74i8TYtsr,6OwKE9Ez6ALxpTaKcT5ayv
36fvnHIT6kkV8jd4VM3e7T,5n54Vwlp5USSuEGKkUZS9w
0pKMZMvWI2PiIaYgCBCvas,5iRPbkcPmqAFFwDUj6ywVS
6ToAD7ajJidQTDn72OncDG,5HenzRvMtSrgtvU16XAoby
6KvLQJm1B7lP3BS8AuMv7B,3cjEqqelV9zb4BYE3qDQ4O
60e7UzYJuelsmETRtdsKtX,3cjEqqelV9zb4BYE3qDQ4O
41bnFPKfvxItaRXkteInt6,2hRQKC0gqlZGPrmUKbcchR
7IvCF4BuyOU2UjwS0mgNQN,6gzXCdfYfFe5XKhPKkYqxV
3lTJ5mNFRjawVcNQVAIboM,6zn0ihyAApAYV51zpXxdEp
6Iuy4QmCBR0XV75Ej6Xwol,1Pr9gT0veB2tgcisQeIGoC
7JqWQvXuYEPzcKUrTJKqSz,0iLbcXKdKfMdqllxqSUhPn
2sYcXLI2dtHvHTYKTjpccl,6GwM5CHqhWXzG3l5kzRSAS
03SSg8RjYQfGHKcTD9Zv8U,4meeMnr8eLacsB31ApsXZS
0KWectYQIpmMXYWF8L4id0,2A7bNE2vH60u6TrY50jdy4
0AAZ3I1xQZBfLwqkCWb87e,390z2RITWBFLpD6HTC5UV2
6C8HHBQYp6IXmwWERi2sqn,13rF01aOogvnkuQXOlgTW8
0yCtE0YjwQ5NKsvfHR9xeT,0fwfMuz3AmWRy2pyM5fDRo
095ZcIDDVr8GYJu6se0n68,7Bi1bkRJF0g9l81yusFQZP
0EZZ3GqBRrnaVMpUMSL4Yv,5UT1mOF7JAjcc7e3wen8vw
6GS3lnAVy5w6AHWEKYzYeS,3eCd0TZrBPm2n9cDG6yWfF
61wVRxT2l9NYgN2bbu8mzS,5O7Da9mfWH8MNJC0UkrvX1
4dScEO5I3FRAG7LuzqQo34,3uGFTJ7JMllvhgGpumieHF
4EZe6Gl6UTkkt82jab5nAM,3cjEqqelV9zb4BYE3qDQ4O
4W7eTm3kIuJ5t3APlBhGCv,2JKXIXxhS7AYv1XzYFDlAH
42Tsz8zLDN0o08hGCJpKkn,43qbEc59aqLydrvuWsrNoE
6rHB8HL5jqQdTJ9pe0DT1d,4ht1mwP4ouSu79jOOktCY3
28s5Hx5b1LB4BfgyAVu0Ka,13rF01aOogvnkuQXOlgTW8
5LBxMvApPk3HdsQdi6DT9L,41MozSoPIsD1dJM0CLPjZF
1UxYNCzvOgMMMvzQe66NIY,0UEP2XBR9aC5NBKcAKnBIq
6yEfq48XkEzCg0TwY6Hhkb,5HenzRvMtSrgtvU16XAoby
3Q5Zs0EH4d7b00xMw3vwSJ,3cjEqqelV9zb4BYE3qDQ4O
6uu8lid35aTGzbLXlNjOVO,1z4g3DjTBBZKhvAroFlhOM
33lTGgK6qUJzN7wIju57vW,6wPBIyIIMxoqgux29bGF8I
50qE377mteo6OiSo1zVpKi,6wPBIyIIMxoqgux29bGF8I
1PM3hV7cOPE3cbq34UXxbE,4TnGh5PKbSjpYqpIdlW5nz
6XshUdxavknBQlcnu72LpD,4BBN286rBKyCWsSPq2cxYO
168v3rO6NK84DmmsdKPYS6,3sxWOFw4MSN54SIQ8np6iG
3rXmgsJyJuMfWcAoU0TsiD,4BBN286rBKyCWsSPq2cxYO
6pSCWtpZ095B7FOh3VQJV6,2hRQKC0gqlZGPrmUKbcchR
7Cc6MAJiVMynQuZEMJ0XO8,0OOTZuc5e1ZgjgwdiIcVES
2Ysz9dAuKqu1lpsz7VUBJ0,1Un86WvSVaqsGEz2CeG86q
7sXeOxmngTSDDc4OYUGhKQ,2hRQKC0gqlZGPrmUKbcchR
1YtVQ4YnQM5sbgN00GAcXZ,7l8rOFwZFQ3G0sgZ7gjGng
6Mo4q54MmYS0MTvtkdpinH,7l8rOFwZFQ3G0sgZ7gjGng
3H0QOzeytDvZz4013V4eBl,57xPD2CfuwxN6Ld7rf2iLG
3TwtG4xiKOBLcw11ZvW716,1wKpMkucynaTfG8lyPprYV
4OU0va3OL9rPzNuKDr98oU,2hcsKca6hCfFMwwdbFvenJ
4Gs2mlmPizmApLLZCaRqdH,1qbNqs7s9puAKEt1hzEaRG
5IAKvnizlxujdrM2AZpk04,2c3IakpImjWyeXNvyyGsdn
6J4SJGJzFtOSHAk9smrsGe,6Jn7bm2F9iPIJhn41fjiRG
0VDPwNiLBK2gnUcY9Fon2L,2hcsKca6hCfFMwwdbFvenJ
6LvIMEx2afVbV4hksefmi1,35t2f2peUyxhu4NS8oz0wk
4YEQcLpnZGFSejlQrKFLUB,0kRAVpQhUUArA8UnYwEdeZ
27ynIWrpSRFJfcyj0bDTUY,1XNC9ksvgXeD1xRJruSA5t
0c9LcbWrxwbuP89SuOXUjg,2hcsKca6hCfFMwwdbFvenJ
2zECqlJZZoKTHrvOtthFRg,2frFGmni9tkRgXYdXmzQvR
3w1OiIgombILLvuVo8HRAm,6tvrEIVX5eKJlipdzt11wi
2CV7eQVeYtxTru1fZJPnA7,5ZSPRYslMYdwfwkKNcmBJf
7Jo5oEViT27zCkdRI5hEuG,4BBN286rBKyCWsSPq2cxYO
1c4zpHXMMlGNToAuFJjsyg,5zkf2Na8DKKJmtWX5Xrx3m
4go4mM25Fv0Gl8bL0jqy2X,0Mt9IxntWHsf793bLZhQ9P
7jVLe21bkwX1DTy1mfkxjB,2CQZr2RPZmrcvDnaod1ldC
43ogAyFAzG58KW7rhWeGQE,7EZywWnRPvMvRPZAG49Y4F
2EgFT73iYCS4zhZoqrGyFO,4hyF8Vtc73RYJr3RgTE2Zf
706i3fHxR0fmh2piVWkHaY,4hyF8Vtc73RYJr3RgTE2Zf
45Jrrix0l0SPq4PbdATzmE,4z6yrDz5GfKXkeQZjOaZdq
2YctAGYmAn0etO51nRZno0,6aLdhHUqgdKE86xbtNmY8g
6ySoz8mujfiQS37xjEEZCv,6MoXcK2GyGg7FIyxPU5yW6
2pSOUHBQXkN3fS2TAJHhfR,6QyO41KctzGc70mVaVnXQO
1fMXWEkJpIH483OrKn1zFV,41MozSoPIsD1dJM0CLPjZF
5nq1uTNIR1cBR72T87viS0,3Nrfpe0tUJi4K4DXYWgMUX
6m96zMB8BrLrpyT7NvApxB,7f4ignuCJhLXfZ9giKT7rH
1XjipVUiZ6PAAWYbUuSQnS,7n2Ycct7Beij7Dj7meI4X0
1qq7YnBOcXtfX3tCCMJllG,48eO052eSDcn8aTxiv6QaG
741wqAxJIPwjHWLjyG2so6,48eO052eSDcn8aTxiv6QaG
3oJ7NaVHfhZBR0Yl9L3AhF,2dIgFjalVxs4ThymZ67YCE
5qA5DAR5xTjQUGrl0eBbmR,41MozSoPIsD1dJM0CLPjZF
2SYa5Lx1uoCvyDIW4oee9b,3Nrfpe0tUJi4K4DXYWgMUX
3aW0ds4A4tSQDIp75FqWTo,3Nrfpe0tUJi4K4DXYWgMUX
5rPZMrKqHHVVCYOom7OkFO,3HJVw8aEtFqoc3raJVE8am
3z71PPsghveDBuOclAPlME,30b9WulBM8sFuBo17nNq9c
6XRbRizO1Nqk4lvmwvGlXv,30b9WulBM8sFuBo17nNq9c
67LJNZyfDA1uaPCtlpyuKN,2dIgFjalVxs4ThymZ67YCE
1hehPTlSVIhHEvCkVoe4HX,3Nrfpe0tUJi4K4DXYWgMUX
44gWm1spxejf9cc589qV28,3Nrfpe0tUJi4K4DXYWgMUX
4ZSLc2F15wKVPjyLt169tt,3Nrfpe0tUJi4K4DXYWgMUX
4z9gBZQjGS4QLb4LOvmeuA,3Nrfpe0tUJi4K4DXYWgMUX
3CYqr8tC0Y3mrw80y6zqJC,3Nrfpe0tUJi4K4DXYWgMUX
6RioKpKPuG1vuyU0wnlAZx,3Nrfpe0tUJi4K4DXYWgMUX
1ACMf8SOANvKlOu4vTWiJN,3Nrfpe0tUJi4K4DXYWgMUX
3D26URfsMlCNaa51mj9jOt,3Nrfpe0tUJi4K4DXYWgMUX
3zIG0WuI5RoJsFYnErkFDU,3Nrfpe0tUJi4K4DXYWgMUX
6BdchFAP4TUZUceAsAEb5U,48eO052eSDcn8aTxiv6QaG
7ylPnfqrI8c9vbJz0WBIxS,7f4ignuCJhLXfZ9giKT7rH
